RUN ID	LANE	JOB ID	SAMPLE ID	INDEX ID	OK	RELEASE	ERROR CODE	LAYOUT.SIGN.1	LAYOUT.SIGN.2	INDEX
SEE_15928_NAN_Lane_1-LANESEQ-MTR-11709	1	241018_KRZYSZTOF_ALEXANDRIA_110_HUMAN_RNA_STRDPOLYA_40M_PE150_X	KA001	UDI0001				WHM		CCGCGGTT-AGCGCTAG
SEE_15928_NAN_Lane_1-LANESEQ-MTR-11709	1	241018_KRZYSZTOF_ALEXANDRIA_110_HUMAN_RNA_STRDPOLYA_40M_PE150_X	KA002	UDI0009				WHM		AGTTCAGG-CCAACAGA
SEE_15928_NAN_Lane_1-LANESEQ-MTR-11709	1	241018_KRZYSZTOF_ALEXANDRIA_110_HUMAN_RNA_STRDPOLYA_40M_PE150_X	KA003	UDI0017				WHM		TAATACAG-ATATTCAC
SEE_15928_NAN_Lane_1-LANESEQ-MTR-11709	1	241018_KRZYSZTOF_ALEXANDRIA_110_HUMAN_RNA_STRDPOLYA_40M_PE150_X	KA004	UDI0025				WHM		ACTAAGAT-AACCGCGG
SEE_15928_NAN_Lane_1-LANESEQ-MTR-11709	1	241018_KRZYSZTOF_ALEXANDRIA_110_HUMAN_RNA_STRDPOLYA_40M_PE150_X	KA005	UDI0033				WHM		TACCGAGG-CCTGAACT
SEE_15928_NAN_Lane_1-LANESEQ-MTR-11709	1	241018_KRZYSZTOF_ALEXANDRIA_110_HUMAN_RNA_STRDPOLYA_40M_PE150_X	KA006	UDI0041				WHM		ATATGGAT-CTGTATTA
SEE_15928_NAN_Lane_1-LANESEQ-MTR-11709	1	241018_KRZYSZTOF_ALEXANDRIA_110_HUMAN_RNA_STRDPOLYA_40M_PE150_X	KA007	UDI0049				WHM		ATATCTCG-ATCTTAGT
SEE_15928_NAN_Lane_1-LANESEQ-MTR-11709	1	241018_KRZYSZTOF_ALEXANDRIA_110_HUMAN_RNA_STRDPOLYA_40M_PE150_X	KA008	UDI0057				WHM		TGCGGCGT-CCTCGGTA
SEE_15928_NAN_Lane_1-LANESEQ-MTR-11709	1	241018_KRZYSZTOF_ALEXANDRIA_110_HUMAN_RNA_STRDPOLYA_40M_PE150_X	KA009	UDI0065				WHM		ACACTAAG-ATCCATAT
SEE_15928_NAN_Lane_1-LANESEQ-MTR-11709	1	241018_KRZYSZTOF_ALEXANDRIA_110_HUMAN_RNA_STRDPOLYA_40M_PE150_X	KA010	UDI0073				WHM		CAATTAAC-CGAGATAT
SEE_15928_NAN_Lane_1-LANESEQ-MTR-11709	1	241018_KRZYSZTOF_ALEXANDRIA_110_HUMAN_RNA_STRDPOLYA_40M_PE150_X	KA011	UDI0081				WHM		AACTGTAG-ACGCCGCA
SEE_15928_NAN_Lane_1-LANESEQ-MTR-11709	1	241018_KRZYSZTOF_ALEXANDRIA_110_HUMAN_RNA_STRDPOLYA_40M_PE150_X	KA012	UDI0089				WHM		TATCGCAC-CTTAGTGT
SEE_15928_NAN_Lane_1-LANESEQ-MTR-11709	1	241018_KRZYSZTOF_ALEXANDRIA_110_HUMAN_RNA_STRDPOLYA_40M_PE150_X	KA013	UDI0002				WHM		TTATAACC-GATATCGA
SEE_15928_NAN_Lane_1-LANESEQ-MTR-11709	1	241018_KRZYSZTOF_ALEXANDRIA_110_HUMAN_RNA_STRDPOLYA_40M_PE150_X	KA014	UDI0010				WHM		GACCTGAA-TTGGTGAG
SEE_15928_NAN_Lane_1-LANESEQ-MTR-11709	1	241018_KRZYSZTOF_ALEXANDRIA_110_HUMAN_RNA_STRDPOLYA_40M_PE150_X	KA015	UDI0018				WHM		CGGCGTGA-GCGCCTGT
SEE_15928_NAN_Lane_1-LANESEQ-MTR-11709	1	241018_KRZYSZTOF_ALEXANDRIA_110_HUMAN_RNA_STRDPOLYA_40M_PE150_X	KA016	UDI0026				WHM		GTCGGAGC-GGTTATAA
SEE_15928_NAN_Lane_1-LANESEQ-MTR-11709	1	241018_KRZYSZTOF_ALEXANDRIA_110_HUMAN_RNA_STRDPOLYA_40M_PE150_X	KA017	UDI0034				WHM		CGTTAGAA-TTCAGGTC
SEE_15928_NAN_Lane_1-LANESEQ-MTR-11709	1	241018_KRZYSZTOF_ALEXANDRIA_110_HUMAN_RNA_STRDPOLYA_40M_PE150_X	KA018	UDI0042				WHM		GCGCAAGC-TCACGCCG
SEE_15928_NAN_Lane_1-LANESEQ-MTR-11709	1	241018_KRZYSZTOF_ALEXANDRIA_110_HUMAN_RNA_STRDPOLYA_40M_PE150_X	KA019	UDI0050				WHM		GCGCTCTA-GCTCCGAC
SEE_15928_NAN_Lane_1-LANESEQ-MTR-11709	1	241018_KRZYSZTOF_ALEXANDRIA_110_HUMAN_RNA_STRDPOLYA_40M_PE150_X	KA020	UDI0058				WHM		CATAATAC-TTCTAACG
SEE_15928_NAN_Lane_1-LANESEQ-MTR-11709	1	241018_KRZYSZTOF_ALEXANDRIA_110_HUMAN_RNA_STRDPOLYA_40M_PE150_X	KA021	UDI0066				WHM		GTGTCGGA-GCTTGCGC
SEE_15928_NAN_Lane_1-LANESEQ-MTR-11709	1	241018_KRZYSZTOF_ALEXANDRIA_110_HUMAN_RNA_STRDPOLYA_40M_PE150_X	KA022	UDI0074				WHM		TGGCCGGT-TAGAGCGC
SEE_15928_NAN_Lane_1-LANESEQ-MTR-11709	1	241018_KRZYSZTOF_ALEXANDRIA_110_HUMAN_RNA_STRDPOLYA_40M_PE150_X	KA023	UDI0082				WHM		GGTCACGA-GTATTATG
SEE_15928_NAN_Lane_1-LANESEQ-MTR-11709	1	241018_KRZYSZTOF_ALEXANDRIA_110_HUMAN_RNA_STRDPOLYA_40M_PE150_X	KA024	UDI0090				WHM		CGCTATGT-TCCGACAC
SEE_15928_NAN_Lane_1-LANESEQ-MTR-11709	1	241018_KRZYSZTOF_ALEXANDRIA_110_HUMAN_RNA_STRDPOLYA_40M_PE150_X	KA025	UDI0003				WHM		GGACTTGG-CGCAGACG
SEE_15928_NAN_Lane_1-LANESEQ-MTR-11709	1	241018_KRZYSZTOF_ALEXANDRIA_110_HUMAN_RNA_STRDPOLYA_40M_PE150_X	KA026	UDI0011				WHM		TCTCTACT-CGCGGTTC
SEE_15928_NAN_Lane_1-LANESEQ-MTR-11709	1	241018_KRZYSZTOF_ALEXANDRIA_110_HUMAN_RNA_STRDPOLYA_40M_PE150_X	KA027	UDI0019				WHM		ATGTAAGT-ACTCTATG
SEE_15928_NAN_Lane_1-LANESEQ-MTR-11709	1	241018_KRZYSZTOF_ALEXANDRIA_110_HUMAN_RNA_STRDPOLYA_40M_PE150_X	KA028	UDI0027				WHM		CTTGGTAT-CCAAGTCC
SEE_15928_NAN_Lane_1-LANESEQ-MTR-11709	1	241018_KRZYSZTOF_ALEXANDRIA_110_HUMAN_RNA_STRDPOLYA_40M_PE150_X	KA029	UDI0035				WHM		AGCCTCAT-AGTAGAGA
SEE_15928_NAN_Lane_1-LANESEQ-MTR-11709	1	241018_KRZYSZTOF_ALEXANDRIA_110_HUMAN_RNA_STRDPOLYA_40M_PE150_X	KA030	UDI0043				WHM		AAGATACT-ACTTACAT
SEE_15928_NAN_Lane_1-LANESEQ-MTR-11709	1	241018_KRZYSZTOF_ALEXANDRIA_110_HUMAN_RNA_STRDPOLYA_40M_PE150_X	KA031	UDI0051				WHM		AACAGGTT-ATACCAAG
SEE_15928_NAN_Lane_1-LANESEQ-MTR-11709	1	241018_KRZYSZTOF_ALEXANDRIA_110_HUMAN_RNA_STRDPOLYA_40M_PE150_X	KA032	UDI0059				WHM		GATCTATC-ATGAGGCT
SEE_15928_NAN_Lane_1-LANESEQ-MTR-11709	1	241018_KRZYSZTOF_ALEXANDRIA_110_HUMAN_RNA_STRDPOLYA_40M_PE150_X	KA033	UDI0067				WHM		TTCCTGTT-AGTATCTT
SEE_15928_NAN_Lane_1-LANESEQ-MTR-11709	1	241018_KRZYSZTOF_ALEXANDRIA_110_HUMAN_RNA_STRDPOLYA_40M_PE150_X	KA034	UDI0075				WHM		AGTACTCC-AACCTGTT
SEE_15928_NAN_Lane_1-LANESEQ-MTR-11709	1	241018_KRZYSZTOF_ALEXANDRIA_110_HUMAN_RNA_STRDPOLYA_40M_PE150_X	KA035	UDI0083				WHM		CTGCTTCC-GATAGATC
SEE_15928_NAN_Lane_1-LANESEQ-MTR-11709	1	241018_KRZYSZTOF_ALEXANDRIA_110_HUMAN_RNA_STRDPOLYA_40M_PE150_X	KA036	UDI0091				WHM		GTATGTTC-AACAGGAA
SEE_15928_NAN_Lane_1-LANESEQ-MTR-11709	1	241018_KRZYSZTOF_ALEXANDRIA_110_HUMAN_RNA_STRDPOLYA_40M_PE150_X	KA037	UDI0004				WHM		AAGTCCAA-TATGAGTA
SEE_15928_NAN_Lane_1-LANESEQ-MTR-11709	1	241018_KRZYSZTOF_ALEXANDRIA_110_HUMAN_RNA_STRDPOLYA_40M_PE150_X	KA038	UDI0012				WHM		CTCTCGTC-TATAACCT
SEE_15928_NAN_Lane_1-LANESEQ-MTR-11709	1	241018_KRZYSZTOF_ALEXANDRIA_110_HUMAN_RNA_STRDPOLYA_40M_PE150_X	KA039	UDI0020				WHM		GCACGGAC-GTCTCGCA
SEE_15928_NAN_Lane_1-LANESEQ-MTR-11709	1	241018_KRZYSZTOF_ALEXANDRIA_110_HUMAN_RNA_STRDPOLYA_40M_PE150_X	KA040	UDI0028				WHM		TCCAACGC-TTGGACTT
SEE_15928_NAN_Lane_1-LANESEQ-MTR-11709	1	241018_KRZYSZTOF_ALEXANDRIA_110_HUMAN_RNA_STRDPOLYA_40M_PE150_X	KA041	UDI0036				WHM		GATTCTGC-GACGAGAG
SEE_15928_NAN_Lane_1-LANESEQ-MTR-11709	1	241018_KRZYSZTOF_ALEXANDRIA_110_HUMAN_RNA_STRDPOLYA_40M_PE150_X	KA042	UDI0044				WHM		GGAGCGTC-GTCCGTGC
SEE_15928_NAN_Lane_1-LANESEQ-MTR-11709	1	241018_KRZYSZTOF_ALEXANDRIA_110_HUMAN_RNA_STRDPOLYA_40M_PE150_X	KA043	UDI0052				WHM		GGTGAACC-GCGTTGGA
SEE_15928_NAN_Lane_1-LANESEQ-MTR-11709	1	241018_KRZYSZTOF_ALEXANDRIA_110_HUMAN_RNA_STRDPOLYA_40M_PE150_X	KA044	UDI0060				WHM		AGCTCGCT-GCAGAATC
SEE_15928_NAN_Lane_1-LANESEQ-MTR-11709	1	241018_KRZYSZTOF_ALEXANDRIA_110_HUMAN_RNA_STRDPOLYA_40M_PE150_X	KA045	UDI0068				WHM		CCTTCACC-GACGCTCC
SEE_15928_NAN_Lane_1-LANESEQ-MTR-11709	1	241018_KRZYSZTOF_ALEXANDRIA_110_HUMAN_RNA_STRDPOLYA_40M_PE150_X	KA046	UDI0076				WHM		GACGTCTT-GGTTCACC
SEE_15928_NAN_Lane_1-LANESEQ-MTR-11709	1	241018_KRZYSZTOF_ALEXANDRIA_110_HUMAN_RNA_STRDPOLYA_40M_PE150_X	KA047	UDI0084				WHM		TCATCCTT-AGCGAGCT
SEE_15928_NAN_Lane_1-LANESEQ-MTR-11709	1	241018_KRZYSZTOF_ALEXANDRIA_110_HUMAN_RNA_STRDPOLYA_40M_PE150_X	KA048	UDI0092				WHM		ACGCACCT-GGTGAAGG
SEE_15928_NAN_Lane_1-LANESEQ-MTR-11709	1	241018_KRZYSZTOF_ALEXANDRIA_110_HUMAN_RNA_STRDPOLYA_40M_PE150_X	KA049	UDI0005				WHM		ATCCACTG-AGGTGCGT
SEE_15928_NAN_Lane_1-LANESEQ-MTR-11709	1	241018_KRZYSZTOF_ALEXANDRIA_110_HUMAN_RNA_STRDPOLYA_40M_PE150_X	KA050	UDI0013				WHM		CCAAGTCT-AAGGATGA
SEE_15928_NAN_Lane_1-LANESEQ-MTR-11709	1	241018_KRZYSZTOF_ALEXANDRIA_110_HUMAN_RNA_STRDPOLYA_40M_PE150_X	KA051	UDI0021				WHM		GGTACCTT-AAGACGTC
SEE_15928_NAN_Lane_1-LANESEQ-MTR-11709	1	241018_KRZYSZTOF_ALEXANDRIA_110_HUMAN_RNA_STRDPOLYA_40M_PE150_X	KA052	UDI0029				WHM		CCGTGAAG-CAGTGGAT
SEE_15928_NAN_Lane_1-LANESEQ-MTR-11709	1	241018_KRZYSZTOF_ALEXANDRIA_110_HUMAN_RNA_STRDPOLYA_40M_PE150_X	KA053	UDI0037				WHM		TCGTAGTG-AGACTTGG
SEE_15928_NAN_Lane_1-LANESEQ-MTR-11709	1	241018_KRZYSZTOF_ALEXANDRIA_110_HUMAN_RNA_STRDPOLYA_40M_PE150_X	KA054	UDI0045				WHM		ATGGCATG-AAGGTACC
SEE_15928_NAN_Lane_1-LANESEQ-MTR-11709	1	241018_KRZYSZTOF_ALEXANDRIA_110_HUMAN_RNA_STRDPOLYA_40M_PE150_X	KA055	UDI0053				WHM		CAACAATG-CTTCACGG
SEE_15928_NAN_Lane_1-LANESEQ-MTR-11709	1	241018_KRZYSZTOF_ALEXANDRIA_110_HUMAN_RNA_STRDPOLYA_40M_PE150_X	KA056	UDI0061				WHM		CGGAACTG-CACTACGA
SEE_15928_NAN_Lane_1-LANESEQ-MTR-11709	1	241018_KRZYSZTOF_ALEXANDRIA_110_HUMAN_RNA_STRDPOLYA_40M_PE150_X	KA057	UDI0069				WHM		GCCACAGG-CATGCCAT
SEE_15928_NAN_Lane_1-LANESEQ-MTR-11709	1	241018_KRZYSZTOF_ALEXANDRIA_110_HUMAN_RNA_STRDPOLYA_40M_PE150_X	KA058	UDI0077				WHM		TGCGAGAC-CATTGTTG
SEE_15928_NAN_Lane_1-LANESEQ-MTR-11709	1	241018_KRZYSZTOF_ALEXANDRIA_110_HUMAN_RNA_STRDPOLYA_40M_PE150_X	KA059	UDI0085				WHM		AGGTTATA-CAGTTCCG
SEE_15928_NAN_Lane_1-LANESEQ-MTR-11709	1	241018_KRZYSZTOF_ALEXANDRIA_110_HUMAN_RNA_STRDPOLYA_40M_PE150_X	KA060	UDI0093				WHM		TACTCATA-CCTGTGGC
SEE_15928_NAN_Lane_1-LANESEQ-MTR-11709	1	241018_KRZYSZTOF_ALEXANDRIA_110_HUMAN_RNA_STRDPOLYA_40M_PE150_X	KA061	UDI0006				WHM		GCTTGTCA-GAACATAC
SEE_15928_NAN_Lane_1-LANESEQ-MTR-11709	1	241018_KRZYSZTOF_ALEXANDRIA_110_HUMAN_RNA_STRDPOLYA_40M_PE150_X	KA062	UDI0014				WHM		TTGGACTC-GGAAGCAG
SEE_15928_NAN_Lane_1-LANESEQ-MTR-11709	1	241018_KRZYSZTOF_ALEXANDRIA_110_HUMAN_RNA_STRDPOLYA_40M_PE150_X	KA063	UDI0022				WHM		AACGTTCC-GGAGTACT
SEE_15928_NAN_Lane_1-LANESEQ-MTR-11709	1	241018_KRZYSZTOF_ALEXANDRIA_110_HUMAN_RNA_STRDPOLYA_40M_PE150_X	KA064	UDI0030				WHM		TTACAGGA-TGACAAGC
SEE_15928_NAN_Lane_1-LANESEQ-MTR-11709	1	241018_KRZYSZTOF_ALEXANDRIA_110_HUMAN_RNA_STRDPOLYA_40M_PE150_X	KA065	UDI0038				WHM		CTACGACA-GAGTCCAA
SEE_15928_NAN_Lane_1-LANESEQ-MTR-11709	1	241018_KRZYSZTOF_ALEXANDRIA_110_HUMAN_RNA_STRDPOLYA_40M_PE150_X	KA066	UDI0046				WHM		GCAATGCA-GGAACGTT
SEE_15928_NAN_Lane_1-LANESEQ-MTR-11709	1	241018_KRZYSZTOF_ALEXANDRIA_110_HUMAN_RNA_STRDPOLYA_40M_PE150_X	KA067	UDI0054				WHM		TGGTGGCA-TCCTGTAA
SEE_15928_NAN_Lane_1-LANESEQ-MTR-11709	1	241018_KRZYSZTOF_ALEXANDRIA_110_HUMAN_RNA_STRDPOLYA_40M_PE150_X	KA068	UDI0062				WHM		TAAGGTCA-TGTCGTAG
SEE_15928_NAN_Lane_1-LANESEQ-MTR-11709	1	241018_KRZYSZTOF_ALEXANDRIA_110_HUMAN_RNA_STRDPOLYA_40M_PE150_X	KA069	UDI0070				WHM		ATTGTGAA-TGCATTGC
SEE_15928_NAN_Lane_1-LANESEQ-MTR-11709	1	241018_KRZYSZTOF_ALEXANDRIA_110_HUMAN_RNA_STRDPOLYA_40M_PE150_X	KA070	UDI0078				WHM		CATAGAGT-TGCCACCA
SEE_15928_NAN_Lane_1-LANESEQ-MTR-11709	1	241018_KRZYSZTOF_ALEXANDRIA_110_HUMAN_RNA_STRDPOLYA_40M_PE150_X	KA071	UDI0086				WHM		GAACCGCG-TGACCTTA
SEE_15928_NAN_Lane_1-LANESEQ-MTR-11709	1	241018_KRZYSZTOF_ALEXANDRIA_110_HUMAN_RNA_STRDPOLYA_40M_PE150_X	KA072	UDI0094				WHM		CGTCTGCG-TTCACAAT
SEE_15928_NAN_Lane_1-LANESEQ-MTR-11709	1	241018_KRZYSZTOF_ALEXANDRIA_110_HUMAN_RNA_STRDPOLYA_40M_PE150_X	KA073	UDI0007				WHM		CAAGCTAG-ACATAGCG
SEE_15928_NAN_Lane_1-LANESEQ-MTR-11709	1	241018_KRZYSZTOF_ALEXANDRIA_110_HUMAN_RNA_STRDPOLYA_40M_PE150_X	KA074	UDI0015V2				WHM		CAGTAGGC-TGACGAAT
SEE_15928_NAN_Lane_1-LANESEQ-MTR-11709	1	241018_KRZYSZTOF_ALEXANDRIA_110_HUMAN_RNA_STRDPOLYA_40M_PE150_X	KA075	UDI0023				WHM		GCAGAATT-ACCGGCCA
SEE_15928_NAN_Lane_1-LANESEQ-MTR-11709	1	241018_KRZYSZTOF_ALEXANDRIA_110_HUMAN_RNA_STRDPOLYA_40M_PE150_X	KA076	UDI0031				WHM		GGCATTCT-CTAGCTTG
SEE_15928_NAN_Lane_1-LANESEQ-MTR-11709	1	241018_KRZYSZTOF_ALEXANDRIA_110_HUMAN_RNA_STRDPOLYA_40M_PE150_X	KA077	UDI0039				WHM		TAAGTGGT-CTTAAGCC
SEE_15928_NAN_Lane_1-LANESEQ-MTR-11709	1	241018_KRZYSZTOF_ALEXANDRIA_110_HUMAN_RNA_STRDPOLYA_40M_PE150_X	KA078	UDI0047				WHM		GTTCCAAT-AATTCTGC
SEE_15928_NAN_Lane_1-LANESEQ-MTR-11709	1	241018_KRZYSZTOF_ALEXANDRIA_110_HUMAN_RNA_STRDPOLYA_40M_PE150_X	KA079	UDI0055V2				WHM		GTTCGCCG-GCTCATTG
SEE_15928_NAN_Lane_1-LANESEQ-MTR-11709	1	241018_KRZYSZTOF_ALEXANDRIA_110_HUMAN_RNA_STRDPOLYA_40M_PE150_X	KA080	UDI0063				WHM		TTGCCTAG-ACCACTTA
SEE_15928_NAN_Lane_1-LANESEQ-MTR-11709	1	241018_KRZYSZTOF_ALEXANDRIA_110_HUMAN_RNA_STRDPOLYA_40M_PE150_X	KA081	UDI0071				WHM		ACTCGTGT-ATTGGAAC
SEE_15928_NAN_Lane_1-LANESEQ-MTR-11709	1	241018_KRZYSZTOF_ALEXANDRIA_110_HUMAN_RNA_STRDPOLYA_40M_PE150_X	KA082	UDI0079				WHM		ACAGGCGC-CTCTGCCT
SEE_15928_NAN_Lane_1-LANESEQ-MTR-11709	1	241018_KRZYSZTOF_ALEXANDRIA_110_HUMAN_RNA_STRDPOLYA_40M_PE150_X	KA083	UDI0087				WHM		CTCACCAA-CTAGGCAA
SEE_15928_NAN_Lane_1-LANESEQ-MTR-11709	1	241018_KRZYSZTOF_ALEXANDRIA_110_HUMAN_RNA_STRDPOLYA_40M_PE150_X	KA084	UDI0095				WHM		TCGATATC-ACACGAGT
SEE_15928_NAN_Lane_1-LANESEQ-MTR-11709	1	241018_KRZYSZTOF_ALEXANDRIA_110_HUMAN_RNA_STRDPOLYA_40M_PE150_X	KA085	UDI0008				WHM		TGGATCGA-GTGCGATA
SEE_15928_NAN_Lane_1-LANESEQ-MTR-11709	1	241018_KRZYSZTOF_ALEXANDRIA_110_HUMAN_RNA_STRDPOLYA_40M_PE150_X	KA086	UDI0016V2				WHM		TGACGAAT-CAGTAGGC
SEE_15928_NAN_Lane_1-LANESEQ-MTR-11709	1	241018_KRZYSZTOF_ALEXANDRIA_110_HUMAN_RNA_STRDPOLYA_40M_PE150_X	KA087	UDI0024				WHM		ATGAGGCC-GTTAATTG
SEE_15928_NAN_Lane_1-LANESEQ-MTR-11709	1	241018_KRZYSZTOF_ALEXANDRIA_110_HUMAN_RNA_STRDPOLYA_40M_PE150_X	KA088	UDI0032				WHM		AATGCCTC-TCGATCCA
SEE_15928_NAN_Lane_1-LANESEQ-MTR-11709	1	241018_KRZYSZTOF_ALEXANDRIA_110_HUMAN_RNA_STRDPOLYA_40M_PE150_X	KA089	UDI0040				WHM		CGGACAAC-TCCGGATT
SEE_15928_NAN_Lane_1-LANESEQ-MTR-11709	1	241018_KRZYSZTOF_ALEXANDRIA_110_HUMAN_RNA_STRDPOLYA_40M_PE150_X	KA090	UDI0048				WHM		ACCTTGGC-GGCCTCAT
SEE_15928_NAN_Lane_1-LANESEQ-MTR-11709	1	241018_KRZYSZTOF_ALEXANDRIA_110_HUMAN_RNA_STRDPOLYA_40M_PE150_X	KA091	UDI0056V2				WHM		CACGAGCG-ATCTGCCA
SEE_15928_NAN_Lane_1-LANESEQ-MTR-11709	1	241018_KRZYSZTOF_ALEXANDRIA_110_HUMAN_RNA_STRDPOLYA_40M_PE150_X	KA092	UDI0064				WHM		CCATTCGA-GTTGTCCG
SEE_15928_NAN_Lane_1-LANESEQ-MTR-11709	1	241018_KRZYSZTOF_ALEXANDRIA_110_HUMAN_RNA_STRDPOLYA_40M_PE150_X	KA093	UDI0072				WHM		GTCTACAC-GCCAAGGT
SEE_15928_NAN_Lane_1-LANESEQ-MTR-11709	1	241018_KRZYSZTOF_ALEXANDRIA_110_HUMAN_RNA_STRDPOLYA_40M_PE150_X	KA094	UDI0080				WHM		GTGAATAT-TCTCATTC
SEE_15928_NAN_Lane_1-LANESEQ-MTR-11709	1	241018_KRZYSZTOF_ALEXANDRIA_110_HUMAN_RNA_STRDPOLYA_40M_PE150_X	KA095	D701-D505				WHM		ATTACTCG-AGGCGAAG
SEE_15928_NAN_Lane_1-LANESEQ-MTR-11709	1	241018_KRZYSZTOF_ALEXANDRIA_110_HUMAN_RNA_STRDPOLYA_40M_PE150_X	KA096	D702-D505				WHM		TCCGGAGA-AGGCGAAG
SEE_15928_NAN_Lane_1-LANESEQ-MTR-11709	1	241018_KRZYSZTOF_ALEXANDRIA_110_HUMAN_RNA_STRDPOLYA_40M_PE150_X	KA097	D703-D505				WHM		CGCTCATT-AGGCGAAG
SEE_15928_NAN_Lane_1-LANESEQ-MTR-11709	1	241018_KRZYSZTOF_ALEXANDRIA_110_HUMAN_RNA_STRDPOLYA_40M_PE150_X	KA098	D704-D505				WHM		GAGATTCC-AGGCGAAG
SEE_15928_NAN_Lane_1-LANESEQ-MTR-11709	1	241018_KRZYSZTOF_ALEXANDRIA_110_HUMAN_RNA_STRDPOLYA_40M_PE150_X	KA099	D705-D505				WHM		ATTCAGAA-AGGCGAAG
SEE_15928_NAN_Lane_1-LANESEQ-MTR-11709	1	241018_KRZYSZTOF_ALEXANDRIA_110_HUMAN_RNA_STRDPOLYA_40M_PE150_X	KA100	D706-D505				WHM		GAATTCGT-AGGCGAAG
SEE_15928_NAN_Lane_1-LANESEQ-MTR-11709	1	241018_KRZYSZTOF_ALEXANDRIA_110_HUMAN_RNA_STRDPOLYA_40M_PE150_X	KA101	D707-D505				WHM		CTGAAGCT-AGGCGAAG
SEE_15928_NAN_Lane_1-LANESEQ-MTR-11709	1	241018_KRZYSZTOF_ALEXANDRIA_110_HUMAN_RNA_STRDPOLYA_40M_PE150_X	KA102	D708-D505				WHM		TAATGCGC-AGGCGAAG
SEE_15928_NAN_Lane_1-LANESEQ-MTR-11709	1	241018_KRZYSZTOF_ALEXANDRIA_110_HUMAN_RNA_STRDPOLYA_40M_PE150_X	KA103	D709-D505				WHM		CGGCTATG-AGGCGAAG
SEE_15928_NAN_Lane_1-LANESEQ-MTR-11709	1	241018_KRZYSZTOF_ALEXANDRIA_110_HUMAN_RNA_STRDPOLYA_40M_PE150_X	KA104	D710-D505				WHM		TCCGCGAA-AGGCGAAG
SEE_15928_NAN_Lane_1-LANESEQ-MTR-11709	1	241018_KRZYSZTOF_ALEXANDRIA_110_HUMAN_RNA_STRDPOLYA_40M_PE150_X	KA105	D711-D505				WHM		TCTCGCGC-AGGCGAAG
SEE_15928_NAN_Lane_1-LANESEQ-MTR-11709	1	241018_KRZYSZTOF_ALEXANDRIA_110_HUMAN_RNA_STRDPOLYA_40M_PE150_X	KA106	D712-D505				WHM		AGCGATAG-AGGCGAAG
SEE_15928_NAN_Lane_1-LANESEQ-MTR-11709	1	241018_KRZYSZTOF_ALEXANDRIA_110_HUMAN_RNA_STRDPOLYA_40M_PE150_X	KA107	D701-D506				WHM		ATTACTCG-TAATCTTA
SEE_15928_NAN_Lane_1-LANESEQ-MTR-11709	1	241018_KRZYSZTOF_ALEXANDRIA_110_HUMAN_RNA_STRDPOLYA_40M_PE150_X	KA108	D702-D506				WHM		TCCGGAGA-TAATCTTA
SEE_15928_NAN_Lane_1-LANESEQ-MTR-11709	1	241018_KRZYSZTOF_ALEXANDRIA_110_HUMAN_RNA_STRDPOLYA_40M_PE150_X	KA109	D703-D506				WHM		CGCTCATT-TAATCTTA
SEE_15928_NAN_Lane_1-LANESEQ-MTR-11709	1	241018_KRZYSZTOF_ALEXANDRIA_110_HUMAN_RNA_STRDPOLYA_40M_PE150_X	KA110	D704-D506				WHM		GAGATTCC-TAATCTTA
SEE_15928_NAN_Lane_1-LANESEQ-MTR-11709	2	241018_KRZYSZTOF_ALEXANDRIA_110_HUMAN_RNA_STRDPOLYA_40M_PE150_X	KA001	UDI0001				WHM		CCGCGGTT-AGCGCTAG
SEE_15928_NAN_Lane_1-LANESEQ-MTR-11709	2	241018_KRZYSZTOF_ALEXANDRIA_110_HUMAN_RNA_STRDPOLYA_40M_PE150_X	KA002	UDI0009				WHM		AGTTCAGG-CCAACAGA
SEE_15928_NAN_Lane_1-LANESEQ-MTR-11709	2	241018_KRZYSZTOF_ALEXANDRIA_110_HUMAN_RNA_STRDPOLYA_40M_PE150_X	KA003	UDI0017				WHM		TAATACAG-ATATTCAC
SEE_15928_NAN_Lane_1-LANESEQ-MTR-11709	2	241018_KRZYSZTOF_ALEXANDRIA_110_HUMAN_RNA_STRDPOLYA_40M_PE150_X	KA004	UDI0025				WHM		ACTAAGAT-AACCGCGG
SEE_15928_NAN_Lane_1-LANESEQ-MTR-11709	2	241018_KRZYSZTOF_ALEXANDRIA_110_HUMAN_RNA_STRDPOLYA_40M_PE150_X	KA005	UDI0033				WHM		TACCGAGG-CCTGAACT
SEE_15928_NAN_Lane_1-LANESEQ-MTR-11709	2	241018_KRZYSZTOF_ALEXANDRIA_110_HUMAN_RNA_STRDPOLYA_40M_PE150_X	KA006	UDI0041				WHM		ATATGGAT-CTGTATTA
SEE_15928_NAN_Lane_1-LANESEQ-MTR-11709	2	241018_KRZYSZTOF_ALEXANDRIA_110_HUMAN_RNA_STRDPOLYA_40M_PE150_X	KA007	UDI0049				WHM		ATATCTCG-ATCTTAGT
SEE_15928_NAN_Lane_1-LANESEQ-MTR-11709	2	241018_KRZYSZTOF_ALEXANDRIA_110_HUMAN_RNA_STRDPOLYA_40M_PE150_X	KA008	UDI0057				WHM		TGCGGCGT-CCTCGGTA
SEE_15928_NAN_Lane_1-LANESEQ-MTR-11709	2	241018_KRZYSZTOF_ALEXANDRIA_110_HUMAN_RNA_STRDPOLYA_40M_PE150_X	KA009	UDI0065				WHM		ACACTAAG-ATCCATAT
SEE_15928_NAN_Lane_1-LANESEQ-MTR-11709	2	241018_KRZYSZTOF_ALEXANDRIA_110_HUMAN_RNA_STRDPOLYA_40M_PE150_X	KA010	UDI0073				WHM		CAATTAAC-CGAGATAT
SEE_15928_NAN_Lane_1-LANESEQ-MTR-11709	2	241018_KRZYSZTOF_ALEXANDRIA_110_HUMAN_RNA_STRDPOLYA_40M_PE150_X	KA011	UDI0081				WHM		AACTGTAG-ACGCCGCA
SEE_15928_NAN_Lane_1-LANESEQ-MTR-11709	2	241018_KRZYSZTOF_ALEXANDRIA_110_HUMAN_RNA_STRDPOLYA_40M_PE150_X	KA012	UDI0089				WHM		TATCGCAC-CTTAGTGT
SEE_15928_NAN_Lane_1-LANESEQ-MTR-11709	2	241018_KRZYSZTOF_ALEXANDRIA_110_HUMAN_RNA_STRDPOLYA_40M_PE150_X	KA013	UDI0002				WHM		TTATAACC-GATATCGA
SEE_15928_NAN_Lane_1-LANESEQ-MTR-11709	2	241018_KRZYSZTOF_ALEXANDRIA_110_HUMAN_RNA_STRDPOLYA_40M_PE150_X	KA014	UDI0010				WHM		GACCTGAA-TTGGTGAG
SEE_15928_NAN_Lane_1-LANESEQ-MTR-11709	2	241018_KRZYSZTOF_ALEXANDRIA_110_HUMAN_RNA_STRDPOLYA_40M_PE150_X	KA015	UDI0018				WHM		CGGCGTGA-GCGCCTGT
SEE_15928_NAN_Lane_1-LANESEQ-MTR-11709	2	241018_KRZYSZTOF_ALEXANDRIA_110_HUMAN_RNA_STRDPOLYA_40M_PE150_X	KA016	UDI0026				WHM		GTCGGAGC-GGTTATAA
SEE_15928_NAN_Lane_1-LANESEQ-MTR-11709	2	241018_KRZYSZTOF_ALEXANDRIA_110_HUMAN_RNA_STRDPOLYA_40M_PE150_X	KA017	UDI0034				WHM		CGTTAGAA-TTCAGGTC
SEE_15928_NAN_Lane_1-LANESEQ-MTR-11709	2	241018_KRZYSZTOF_ALEXANDRIA_110_HUMAN_RNA_STRDPOLYA_40M_PE150_X	KA018	UDI0042				WHM		GCGCAAGC-TCACGCCG
SEE_15928_NAN_Lane_1-LANESEQ-MTR-11709	2	241018_KRZYSZTOF_ALEXANDRIA_110_HUMAN_RNA_STRDPOLYA_40M_PE150_X	KA019	UDI0050				WHM		GCGCTCTA-GCTCCGAC
SEE_15928_NAN_Lane_1-LANESEQ-MTR-11709	2	241018_KRZYSZTOF_ALEXANDRIA_110_HUMAN_RNA_STRDPOLYA_40M_PE150_X	KA020	UDI0058				WHM		CATAATAC-TTCTAACG
SEE_15928_NAN_Lane_1-LANESEQ-MTR-11709	2	241018_KRZYSZTOF_ALEXANDRIA_110_HUMAN_RNA_STRDPOLYA_40M_PE150_X	KA021	UDI0066				WHM		GTGTCGGA-GCTTGCGC
SEE_15928_NAN_Lane_1-LANESEQ-MTR-11709	2	241018_KRZYSZTOF_ALEXANDRIA_110_HUMAN_RNA_STRDPOLYA_40M_PE150_X	KA022	UDI0074				WHM		TGGCCGGT-TAGAGCGC
SEE_15928_NAN_Lane_1-LANESEQ-MTR-11709	2	241018_KRZYSZTOF_ALEXANDRIA_110_HUMAN_RNA_STRDPOLYA_40M_PE150_X	KA023	UDI0082				WHM		GGTCACGA-GTATTATG
SEE_15928_NAN_Lane_1-LANESEQ-MTR-11709	2	241018_KRZYSZTOF_ALEXANDRIA_110_HUMAN_RNA_STRDPOLYA_40M_PE150_X	KA024	UDI0090				WHM		CGCTATGT-TCCGACAC
SEE_15928_NAN_Lane_1-LANESEQ-MTR-11709	2	241018_KRZYSZTOF_ALEXANDRIA_110_HUMAN_RNA_STRDPOLYA_40M_PE150_X	KA025	UDI0003				WHM		GGACTTGG-CGCAGACG
SEE_15928_NAN_Lane_1-LANESEQ-MTR-11709	2	241018_KRZYSZTOF_ALEXANDRIA_110_HUMAN_RNA_STRDPOLYA_40M_PE150_X	KA026	UDI0011				WHM		TCTCTACT-CGCGGTTC
SEE_15928_NAN_Lane_1-LANESEQ-MTR-11709	2	241018_KRZYSZTOF_ALEXANDRIA_110_HUMAN_RNA_STRDPOLYA_40M_PE150_X	KA027	UDI0019				WHM		ATGTAAGT-ACTCTATG
SEE_15928_NAN_Lane_1-LANESEQ-MTR-11709	2	241018_KRZYSZTOF_ALEXANDRIA_110_HUMAN_RNA_STRDPOLYA_40M_PE150_X	KA028	UDI0027				WHM		CTTGGTAT-CCAAGTCC
SEE_15928_NAN_Lane_1-LANESEQ-MTR-11709	2	241018_KRZYSZTOF_ALEXANDRIA_110_HUMAN_RNA_STRDPOLYA_40M_PE150_X	KA029	UDI0035				WHM		AGCCTCAT-AGTAGAGA
SEE_15928_NAN_Lane_1-LANESEQ-MTR-11709	2	241018_KRZYSZTOF_ALEXANDRIA_110_HUMAN_RNA_STRDPOLYA_40M_PE150_X	KA030	UDI0043				WHM		AAGATACT-ACTTACAT
SEE_15928_NAN_Lane_1-LANESEQ-MTR-11709	2	241018_KRZYSZTOF_ALEXANDRIA_110_HUMAN_RNA_STRDPOLYA_40M_PE150_X	KA031	UDI0051				WHM		AACAGGTT-ATACCAAG
SEE_15928_NAN_Lane_1-LANESEQ-MTR-11709	2	241018_KRZYSZTOF_ALEXANDRIA_110_HUMAN_RNA_STRDPOLYA_40M_PE150_X	KA032	UDI0059				WHM		GATCTATC-ATGAGGCT
SEE_15928_NAN_Lane_1-LANESEQ-MTR-11709	2	241018_KRZYSZTOF_ALEXANDRIA_110_HUMAN_RNA_STRDPOLYA_40M_PE150_X	KA033	UDI0067				WHM		TTCCTGTT-AGTATCTT
SEE_15928_NAN_Lane_1-LANESEQ-MTR-11709	2	241018_KRZYSZTOF_ALEXANDRIA_110_HUMAN_RNA_STRDPOLYA_40M_PE150_X	KA034	UDI0075				WHM		AGTACTCC-AACCTGTT
SEE_15928_NAN_Lane_1-LANESEQ-MTR-11709	2	241018_KRZYSZTOF_ALEXANDRIA_110_HUMAN_RNA_STRDPOLYA_40M_PE150_X	KA035	UDI0083				WHM		CTGCTTCC-GATAGATC
SEE_15928_NAN_Lane_1-LANESEQ-MTR-11709	2	241018_KRZYSZTOF_ALEXANDRIA_110_HUMAN_RNA_STRDPOLYA_40M_PE150_X	KA036	UDI0091				WHM		GTATGTTC-AACAGGAA
SEE_15928_NAN_Lane_1-LANESEQ-MTR-11709	2	241018_KRZYSZTOF_ALEXANDRIA_110_HUMAN_RNA_STRDPOLYA_40M_PE150_X	KA037	UDI0004				WHM		AAGTCCAA-TATGAGTA
SEE_15928_NAN_Lane_1-LANESEQ-MTR-11709	2	241018_KRZYSZTOF_ALEXANDRIA_110_HUMAN_RNA_STRDPOLYA_40M_PE150_X	KA038	UDI0012				WHM		CTCTCGTC-TATAACCT
SEE_15928_NAN_Lane_1-LANESEQ-MTR-11709	2	241018_KRZYSZTOF_ALEXANDRIA_110_HUMAN_RNA_STRDPOLYA_40M_PE150_X	KA039	UDI0020				WHM		GCACGGAC-GTCTCGCA
SEE_15928_NAN_Lane_1-LANESEQ-MTR-11709	2	241018_KRZYSZTOF_ALEXANDRIA_110_HUMAN_RNA_STRDPOLYA_40M_PE150_X	KA040	UDI0028				WHM		TCCAACGC-TTGGACTT
SEE_15928_NAN_Lane_1-LANESEQ-MTR-11709	2	241018_KRZYSZTOF_ALEXANDRIA_110_HUMAN_RNA_STRDPOLYA_40M_PE150_X	KA041	UDI0036				WHM		GATTCTGC-GACGAGAG
SEE_15928_NAN_Lane_1-LANESEQ-MTR-11709	2	241018_KRZYSZTOF_ALEXANDRIA_110_HUMAN_RNA_STRDPOLYA_40M_PE150_X	KA042	UDI0044				WHM		GGAGCGTC-GTCCGTGC
SEE_15928_NAN_Lane_1-LANESEQ-MTR-11709	2	241018_KRZYSZTOF_ALEXANDRIA_110_HUMAN_RNA_STRDPOLYA_40M_PE150_X	KA043	UDI0052				WHM		GGTGAACC-GCGTTGGA
SEE_15928_NAN_Lane_1-LANESEQ-MTR-11709	2	241018_KRZYSZTOF_ALEXANDRIA_110_HUMAN_RNA_STRDPOLYA_40M_PE150_X	KA044	UDI0060				WHM		AGCTCGCT-GCAGAATC
SEE_15928_NAN_Lane_1-LANESEQ-MTR-11709	2	241018_KRZYSZTOF_ALEXANDRIA_110_HUMAN_RNA_STRDPOLYA_40M_PE150_X	KA045	UDI0068				WHM		CCTTCACC-GACGCTCC
SEE_15928_NAN_Lane_1-LANESEQ-MTR-11709	2	241018_KRZYSZTOF_ALEXANDRIA_110_HUMAN_RNA_STRDPOLYA_40M_PE150_X	KA046	UDI0076				WHM		GACGTCTT-GGTTCACC
SEE_15928_NAN_Lane_1-LANESEQ-MTR-11709	2	241018_KRZYSZTOF_ALEXANDRIA_110_HUMAN_RNA_STRDPOLYA_40M_PE150_X	KA047	UDI0084				WHM		TCATCCTT-AGCGAGCT
SEE_15928_NAN_Lane_1-LANESEQ-MTR-11709	2	241018_KRZYSZTOF_ALEXANDRIA_110_HUMAN_RNA_STRDPOLYA_40M_PE150_X	KA048	UDI0092				WHM		ACGCACCT-GGTGAAGG
SEE_15928_NAN_Lane_1-LANESEQ-MTR-11709	2	241018_KRZYSZTOF_ALEXANDRIA_110_HUMAN_RNA_STRDPOLYA_40M_PE150_X	KA049	UDI0005				WHM		ATCCACTG-AGGTGCGT
SEE_15928_NAN_Lane_1-LANESEQ-MTR-11709	2	241018_KRZYSZTOF_ALEXANDRIA_110_HUMAN_RNA_STRDPOLYA_40M_PE150_X	KA050	UDI0013				WHM		CCAAGTCT-AAGGATGA
SEE_15928_NAN_Lane_1-LANESEQ-MTR-11709	2	241018_KRZYSZTOF_ALEXANDRIA_110_HUMAN_RNA_STRDPOLYA_40M_PE150_X	KA051	UDI0021				WHM		GGTACCTT-AAGACGTC
SEE_15928_NAN_Lane_1-LANESEQ-MTR-11709	2	241018_KRZYSZTOF_ALEXANDRIA_110_HUMAN_RNA_STRDPOLYA_40M_PE150_X	KA052	UDI0029				WHM		CCGTGAAG-CAGTGGAT
SEE_15928_NAN_Lane_1-LANESEQ-MTR-11709	2	241018_KRZYSZTOF_ALEXANDRIA_110_HUMAN_RNA_STRDPOLYA_40M_PE150_X	KA053	UDI0037				WHM		TCGTAGTG-AGACTTGG
SEE_15928_NAN_Lane_1-LANESEQ-MTR-11709	2	241018_KRZYSZTOF_ALEXANDRIA_110_HUMAN_RNA_STRDPOLYA_40M_PE150_X	KA054	UDI0045				WHM		ATGGCATG-AAGGTACC
SEE_15928_NAN_Lane_1-LANESEQ-MTR-11709	2	241018_KRZYSZTOF_ALEXANDRIA_110_HUMAN_RNA_STRDPOLYA_40M_PE150_X	KA055	UDI0053				WHM		CAACAATG-CTTCACGG
SEE_15928_NAN_Lane_1-LANESEQ-MTR-11709	2	241018_KRZYSZTOF_ALEXANDRIA_110_HUMAN_RNA_STRDPOLYA_40M_PE150_X	KA056	UDI0061				WHM		CGGAACTG-CACTACGA
SEE_15928_NAN_Lane_1-LANESEQ-MTR-11709	2	241018_KRZYSZTOF_ALEXANDRIA_110_HUMAN_RNA_STRDPOLYA_40M_PE150_X	KA057	UDI0069				WHM		GCCACAGG-CATGCCAT
SEE_15928_NAN_Lane_1-LANESEQ-MTR-11709	2	241018_KRZYSZTOF_ALEXANDRIA_110_HUMAN_RNA_STRDPOLYA_40M_PE150_X	KA058	UDI0077				WHM		TGCGAGAC-CATTGTTG
SEE_15928_NAN_Lane_1-LANESEQ-MTR-11709	2	241018_KRZYSZTOF_ALEXANDRIA_110_HUMAN_RNA_STRDPOLYA_40M_PE150_X	KA059	UDI0085				WHM		AGGTTATA-CAGTTCCG
SEE_15928_NAN_Lane_1-LANESEQ-MTR-11709	2	241018_KRZYSZTOF_ALEXANDRIA_110_HUMAN_RNA_STRDPOLYA_40M_PE150_X	KA060	UDI0093				WHM		TACTCATA-CCTGTGGC
SEE_15928_NAN_Lane_1-LANESEQ-MTR-11709	2	241018_KRZYSZTOF_ALEXANDRIA_110_HUMAN_RNA_STRDPOLYA_40M_PE150_X	KA061	UDI0006				WHM		GCTTGTCA-GAACATAC
SEE_15928_NAN_Lane_1-LANESEQ-MTR-11709	2	241018_KRZYSZTOF_ALEXANDRIA_110_HUMAN_RNA_STRDPOLYA_40M_PE150_X	KA062	UDI0014				WHM		TTGGACTC-GGAAGCAG
SEE_15928_NAN_Lane_1-LANESEQ-MTR-11709	2	241018_KRZYSZTOF_ALEXANDRIA_110_HUMAN_RNA_STRDPOLYA_40M_PE150_X	KA063	UDI0022				WHM		AACGTTCC-GGAGTACT
SEE_15928_NAN_Lane_1-LANESEQ-MTR-11709	2	241018_KRZYSZTOF_ALEXANDRIA_110_HUMAN_RNA_STRDPOLYA_40M_PE150_X	KA064	UDI0030				WHM		TTACAGGA-TGACAAGC
SEE_15928_NAN_Lane_1-LANESEQ-MTR-11709	2	241018_KRZYSZTOF_ALEXANDRIA_110_HUMAN_RNA_STRDPOLYA_40M_PE150_X	KA065	UDI0038				WHM		CTACGACA-GAGTCCAA
SEE_15928_NAN_Lane_1-LANESEQ-MTR-11709	2	241018_KRZYSZTOF_ALEXANDRIA_110_HUMAN_RNA_STRDPOLYA_40M_PE150_X	KA066	UDI0046				WHM		GCAATGCA-GGAACGTT
SEE_15928_NAN_Lane_1-LANESEQ-MTR-11709	2	241018_KRZYSZTOF_ALEXANDRIA_110_HUMAN_RNA_STRDPOLYA_40M_PE150_X	KA067	UDI0054				WHM		TGGTGGCA-TCCTGTAA
SEE_15928_NAN_Lane_1-LANESEQ-MTR-11709	2	241018_KRZYSZTOF_ALEXANDRIA_110_HUMAN_RNA_STRDPOLYA_40M_PE150_X	KA068	UDI0062				WHM		TAAGGTCA-TGTCGTAG
SEE_15928_NAN_Lane_1-LANESEQ-MTR-11709	2	241018_KRZYSZTOF_ALEXANDRIA_110_HUMAN_RNA_STRDPOLYA_40M_PE150_X	KA069	UDI0070				WHM		ATTGTGAA-TGCATTGC
SEE_15928_NAN_Lane_1-LANESEQ-MTR-11709	2	241018_KRZYSZTOF_ALEXANDRIA_110_HUMAN_RNA_STRDPOLYA_40M_PE150_X	KA070	UDI0078				WHM		CATAGAGT-TGCCACCA
SEE_15928_NAN_Lane_1-LANESEQ-MTR-11709	2	241018_KRZYSZTOF_ALEXANDRIA_110_HUMAN_RNA_STRDPOLYA_40M_PE150_X	KA071	UDI0086				WHM		GAACCGCG-TGACCTTA
SEE_15928_NAN_Lane_1-LANESEQ-MTR-11709	2	241018_KRZYSZTOF_ALEXANDRIA_110_HUMAN_RNA_STRDPOLYA_40M_PE150_X	KA072	UDI0094				WHM		CGTCTGCG-TTCACAAT
SEE_15928_NAN_Lane_1-LANESEQ-MTR-11709	2	241018_KRZYSZTOF_ALEXANDRIA_110_HUMAN_RNA_STRDPOLYA_40M_PE150_X	KA073	UDI0007				WHM		CAAGCTAG-ACATAGCG
SEE_15928_NAN_Lane_1-LANESEQ-MTR-11709	2	241018_KRZYSZTOF_ALEXANDRIA_110_HUMAN_RNA_STRDPOLYA_40M_PE150_X	KA074	UDI0015V2				WHM		CAGTAGGC-TGACGAAT
SEE_15928_NAN_Lane_1-LANESEQ-MTR-11709	2	241018_KRZYSZTOF_ALEXANDRIA_110_HUMAN_RNA_STRDPOLYA_40M_PE150_X	KA075	UDI0023				WHM		GCAGAATT-ACCGGCCA
SEE_15928_NAN_Lane_1-LANESEQ-MTR-11709	2	241018_KRZYSZTOF_ALEXANDRIA_110_HUMAN_RNA_STRDPOLYA_40M_PE150_X	KA076	UDI0031				WHM		GGCATTCT-CTAGCTTG
SEE_15928_NAN_Lane_1-LANESEQ-MTR-11709	2	241018_KRZYSZTOF_ALEXANDRIA_110_HUMAN_RNA_STRDPOLYA_40M_PE150_X	KA077	UDI0039				WHM		TAAGTGGT-CTTAAGCC
SEE_15928_NAN_Lane_1-LANESEQ-MTR-11709	2	241018_KRZYSZTOF_ALEXANDRIA_110_HUMAN_RNA_STRDPOLYA_40M_PE150_X	KA078	UDI0047				WHM		GTTCCAAT-AATTCTGC
SEE_15928_NAN_Lane_1-LANESEQ-MTR-11709	2	241018_KRZYSZTOF_ALEXANDRIA_110_HUMAN_RNA_STRDPOLYA_40M_PE150_X	KA079	UDI0055V2				WHM		GTTCGCCG-GCTCATTG
SEE_15928_NAN_Lane_1-LANESEQ-MTR-11709	2	241018_KRZYSZTOF_ALEXANDRIA_110_HUMAN_RNA_STRDPOLYA_40M_PE150_X	KA080	UDI0063				WHM		TTGCCTAG-ACCACTTA
SEE_15928_NAN_Lane_1-LANESEQ-MTR-11709	2	241018_KRZYSZTOF_ALEXANDRIA_110_HUMAN_RNA_STRDPOLYA_40M_PE150_X	KA081	UDI0071				WHM		ACTCGTGT-ATTGGAAC
SEE_15928_NAN_Lane_1-LANESEQ-MTR-11709	2	241018_KRZYSZTOF_ALEXANDRIA_110_HUMAN_RNA_STRDPOLYA_40M_PE150_X	KA082	UDI0079				WHM		ACAGGCGC-CTCTGCCT
SEE_15928_NAN_Lane_1-LANESEQ-MTR-11709	2	241018_KRZYSZTOF_ALEXANDRIA_110_HUMAN_RNA_STRDPOLYA_40M_PE150_X	KA083	UDI0087				WHM		CTCACCAA-CTAGGCAA
SEE_15928_NAN_Lane_1-LANESEQ-MTR-11709	2	241018_KRZYSZTOF_ALEXANDRIA_110_HUMAN_RNA_STRDPOLYA_40M_PE150_X	KA084	UDI0095				WHM		TCGATATC-ACACGAGT
SEE_15928_NAN_Lane_1-LANESEQ-MTR-11709	2	241018_KRZYSZTOF_ALEXANDRIA_110_HUMAN_RNA_STRDPOLYA_40M_PE150_X	KA085	UDI0008				WHM		TGGATCGA-GTGCGATA
SEE_15928_NAN_Lane_1-LANESEQ-MTR-11709	2	241018_KRZYSZTOF_ALEXANDRIA_110_HUMAN_RNA_STRDPOLYA_40M_PE150_X	KA086	UDI0016V2				WHM		TGACGAAT-CAGTAGGC
SEE_15928_NAN_Lane_1-LANESEQ-MTR-11709	2	241018_KRZYSZTOF_ALEXANDRIA_110_HUMAN_RNA_STRDPOLYA_40M_PE150_X	KA087	UDI0024				WHM		ATGAGGCC-GTTAATTG
SEE_15928_NAN_Lane_1-LANESEQ-MTR-11709	2	241018_KRZYSZTOF_ALEXANDRIA_110_HUMAN_RNA_STRDPOLYA_40M_PE150_X	KA088	UDI0032				WHM		AATGCCTC-TCGATCCA
SEE_15928_NAN_Lane_1-LANESEQ-MTR-11709	2	241018_KRZYSZTOF_ALEXANDRIA_110_HUMAN_RNA_STRDPOLYA_40M_PE150_X	KA089	UDI0040				WHM		CGGACAAC-TCCGGATT
SEE_15928_NAN_Lane_1-LANESEQ-MTR-11709	2	241018_KRZYSZTOF_ALEXANDRIA_110_HUMAN_RNA_STRDPOLYA_40M_PE150_X	KA090	UDI0048				WHM		ACCTTGGC-GGCCTCAT
SEE_15928_NAN_Lane_1-LANESEQ-MTR-11709	2	241018_KRZYSZTOF_ALEXANDRIA_110_HUMAN_RNA_STRDPOLYA_40M_PE150_X	KA091	UDI0056V2				WHM		CACGAGCG-ATCTGCCA
SEE_15928_NAN_Lane_1-LANESEQ-MTR-11709	2	241018_KRZYSZTOF_ALEXANDRIA_110_HUMAN_RNA_STRDPOLYA_40M_PE150_X	KA092	UDI0064				WHM		CCATTCGA-GTTGTCCG
SEE_15928_NAN_Lane_1-LANESEQ-MTR-11709	2	241018_KRZYSZTOF_ALEXANDRIA_110_HUMAN_RNA_STRDPOLYA_40M_PE150_X	KA093	UDI0072				WHM		GTCTACAC-GCCAAGGT
SEE_15928_NAN_Lane_1-LANESEQ-MTR-11709	2	241018_KRZYSZTOF_ALEXANDRIA_110_HUMAN_RNA_STRDPOLYA_40M_PE150_X	KA094	UDI0080				WHM		GTGAATAT-TCTCATTC
SEE_15928_NAN_Lane_1-LANESEQ-MTR-11709	2	241018_KRZYSZTOF_ALEXANDRIA_110_HUMAN_RNA_STRDPOLYA_40M_PE150_X	KA095	D701-D505				WHM		ATTACTCG-AGGCGAAG
SEE_15928_NAN_Lane_1-LANESEQ-MTR-11709	2	241018_KRZYSZTOF_ALEXANDRIA_110_HUMAN_RNA_STRDPOLYA_40M_PE150_X	KA096	D702-D505				WHM		TCCGGAGA-AGGCGAAG
SEE_15928_NAN_Lane_1-LANESEQ-MTR-11709	2	241018_KRZYSZTOF_ALEXANDRIA_110_HUMAN_RNA_STRDPOLYA_40M_PE150_X	KA097	D703-D505				WHM		CGCTCATT-AGGCGAAG
SEE_15928_NAN_Lane_1-LANESEQ-MTR-11709	2	241018_KRZYSZTOF_ALEXANDRIA_110_HUMAN_RNA_STRDPOLYA_40M_PE150_X	KA098	D704-D505				WHM		GAGATTCC-AGGCGAAG
SEE_15928_NAN_Lane_1-LANESEQ-MTR-11709	2	241018_KRZYSZTOF_ALEXANDRIA_110_HUMAN_RNA_STRDPOLYA_40M_PE150_X	KA099	D705-D505				WHM		ATTCAGAA-AGGCGAAG
SEE_15928_NAN_Lane_1-LANESEQ-MTR-11709	2	241018_KRZYSZTOF_ALEXANDRIA_110_HUMAN_RNA_STRDPOLYA_40M_PE150_X	KA100	D706-D505				WHM		GAATTCGT-AGGCGAAG
SEE_15928_NAN_Lane_1-LANESEQ-MTR-11709	2	241018_KRZYSZTOF_ALEXANDRIA_110_HUMAN_RNA_STRDPOLYA_40M_PE150_X	KA101	D707-D505				WHM		CTGAAGCT-AGGCGAAG
SEE_15928_NAN_Lane_1-LANESEQ-MTR-11709	2	241018_KRZYSZTOF_ALEXANDRIA_110_HUMAN_RNA_STRDPOLYA_40M_PE150_X	KA102	D708-D505				WHM		TAATGCGC-AGGCGAAG
SEE_15928_NAN_Lane_1-LANESEQ-MTR-11709	2	241018_KRZYSZTOF_ALEXANDRIA_110_HUMAN_RNA_STRDPOLYA_40M_PE150_X	KA103	D709-D505				WHM		CGGCTATG-AGGCGAAG
SEE_15928_NAN_Lane_1-LANESEQ-MTR-11709	2	241018_KRZYSZTOF_ALEXANDRIA_110_HUMAN_RNA_STRDPOLYA_40M_PE150_X	KA104	D710-D505				WHM		TCCGCGAA-AGGCGAAG
SEE_15928_NAN_Lane_1-LANESEQ-MTR-11709	2	241018_KRZYSZTOF_ALEXANDRIA_110_HUMAN_RNA_STRDPOLYA_40M_PE150_X	KA105	D711-D505				WHM		TCTCGCGC-AGGCGAAG
SEE_15928_NAN_Lane_1-LANESEQ-MTR-11709	2	241018_KRZYSZTOF_ALEXANDRIA_110_HUMAN_RNA_STRDPOLYA_40M_PE150_X	KA106	D712-D505				WHM		AGCGATAG-AGGCGAAG
SEE_15928_NAN_Lane_1-LANESEQ-MTR-11709	2	241018_KRZYSZTOF_ALEXANDRIA_110_HUMAN_RNA_STRDPOLYA_40M_PE150_X	KA107	D701-D506				WHM		ATTACTCG-TAATCTTA
SEE_15928_NAN_Lane_1-LANESEQ-MTR-11709	2	241018_KRZYSZTOF_ALEXANDRIA_110_HUMAN_RNA_STRDPOLYA_40M_PE150_X	KA108	D702-D506				WHM		TCCGGAGA-TAATCTTA
SEE_15928_NAN_Lane_1-LANESEQ-MTR-11709	2	241018_KRZYSZTOF_ALEXANDRIA_110_HUMAN_RNA_STRDPOLYA_40M_PE150_X	KA109	D703-D506				WHM		CGCTCATT-TAATCTTA
SEE_15928_NAN_Lane_1-LANESEQ-MTR-11709	2	241018_KRZYSZTOF_ALEXANDRIA_110_HUMAN_RNA_STRDPOLYA_40M_PE150_X	KA110	D704-D506				WHM		GAGATTCC-TAATCTTA
SEE_15928_NAN_Lane_1-LANESEQ-MTR-11709	3	241104_ANNECATRIN_JIYOUN_3_OTHER_LIBRARY_SELF_3B_PE150_X	3016169O	UDP0105						CAGCAATCGT-TGTGATGTAT
SEE_15928_NAN_Lane_1-LANESEQ-MTR-11709	3	241104_ANNECATRIN_JIYOUN_3_OTHER_LIBRARY_SELF_3B_PE150_X	3018888S	UDP0106						TTCTGTAGAA-GAGCGCAATA
SEE_15928_NAN_Lane_1-LANESEQ-MTR-11709	3	241104_ANNECATRIN_JIYOUN_3_OTHER_LIBRARY_SELF_3B_PE150_X	3038697N	UDP0107						GAACGCAATA-ATCTTACTGT
SEE_15928_NAN_Lane_1-LANESEQ-MTR-11709	3	241104_ANNECATRIN_JIYOUN_3_OTHER_LIBRARY_SELF_3B_PE150_X	3042772D	UDP0108						AGTACTCATG-ATGTCGTGGT
SEE_15928_NAN_Lane_1-LANESEQ-MTR-11709	3	241104_ANNECATRIN_JIYOUN_3_OTHER_LIBRARY_SELF_3B_PE150_X	4061499D	UDP0111						ATTAACAAGG-TGTTGTTCGT
SEE_15928_NAN_Lane_1-LANESEQ-MTR-11709	3	241104_ANNECATRIN_JIYOUN_3_OTHER_LIBRARY_SELF_3B_PE150_X	4027167W	UDP0112						TGATGGCTAC-CCAACAACAT
SEE_15928_NAN_Lane_1-LANESEQ-MTR-11709	3	241104_ANNECATRIN_JIYOUN_3_OTHER_LIBRARY_SELF_3B_PE150_X	2049252C	UDP0117						CCGTGACCGA-CCGAACGTTG
SEE_15928_NAN_Lane_1-LANESEQ-MTR-11709	3	241104_ANNECATRIN_JIYOUN_3_OTHER_LIBRARY_SELF_3B_PE150_X	2055775H	UDP0118						ATACTTGTTC-TAACCGCCGA
SEE_15928_NAN_Lane_1-LANESEQ-MTR-11709	3	241104_ANNECATRIN_JIYOUN_3_OTHER_LIBRARY_SELF_3B_PE150_X	2185544B	UDP0119						TCCGCCAATT-CTCCGTGCTG
SEE_15928_NAN_Lane_1-LANESEQ-MTR-11709	3	241104_ANNECATRIN_JIYOUN_3_OTHER_LIBRARY_SELF_3B_PE150_X	2147512F	UDP0120						AGGACAGGCC-CATTCCAGCT
SEE_15928_NAN_Lane_1-LANESEQ-MTR-11709	3	241104_ANNECATRIN_JIYOUN_3_OTHER_LIBRARY_SELF_3B_PE150_X	5114338E	UDP0121						AGAGAACCTA-GGTTATGCTA
SEE_15928_NAN_Lane_1-LANESEQ-MTR-11709	3	241104_ANNECATRIN_JIYOUN_3_OTHER_LIBRARY_SELF_3B_PE150_X	5131354J	UDP0122						GATATTGTGT-ACCACACGGT
SEE_15928_NAN_Lane_1-LANESEQ-MTR-11709	3	241104_ANNECATRIN_JIYOUN_3_OTHER_LIBRARY_SELF_3B_PE150_X	6001252L	UDP0123						CGTACAGGAA-TAGGTTCTCT
SEE_15928_NAN_Lane_1-LANESEQ-MTR-11709	3	241104_ANNECATRIN_JIYOUN_3_OTHER_LIBRARY_SELF_3B_PE150_X	6002183W	UDP0124						CTGCGTTACC-TATGGCTCGA
SEE_15928_NAN_Lane_1-LANESEQ-MTR-11709	3	241104_ANNECATRIN_JIYOUN_3_OTHER_LIBRARY_SELF_3B_PE150_X	6041873B	UDP0127						GCTGACGTTG-TGTTCGCATT
SEE_15928_NAN_Lane_1-LANESEQ-MTR-11709	3	241104_ANNECATRIN_JIYOUN_3_OTHER_LIBRARY_SELF_3B_PE150_X	6049985T	UDP0128						CTAATAACCG-AACCGCATCG
SEE_15928_NAN_Lane_1-LANESEQ-MTR-11709	3	241104_ANNECATRIN_JIYOUN_3_OTHER_LIBRARY_SELF_3B_PE150_X	5138308E	UDP0129						TCTAGGCGCG-CGAAGGTTAA
SEE_15928_NAN_Lane_1-LANESEQ-MTR-11709	3	241104_ANNECATRIN_JIYOUN_3_OTHER_LIBRARY_SELF_3B_PE150_X	6004859E	UDP0130						ATAGCCAAGA-AGTGCCACTG
SEE_15928_NAN_Lane_1-LANESEQ-MTR-11709	3	241104_ANNECATRIN_JIYOUN_3_OTHER_LIBRARY_SELF_3B_PE150_X	7096371I	UDP0133						AACGAGGCCG-ATACCTGGAT
SEE_15928_NAN_Lane_1-LANESEQ-MTR-11709	3	241104_ANNECATRIN_JIYOUN_3_OTHER_LIBRARY_SELF_3B_PE150_X	7097145M	UDP0134						TGGTGTTATG-TCCAATTCTA
SEE_15928_NAN_Lane_1-LANESEQ-MTR-11709	3	241104_ANNECATRIN_JIYOUN_3_OTHER_LIBRARY_SELF_3B_PE150_X	8095021J	UDP0136						CCAGGCACCA-ACGCTAATTA
SEE_15928_NAN_Lane_1-LANESEQ-MTR-11709	3	241104_ANNECATRIN_JIYOUN_3_OTHER_LIBRARY_SELF_3B_PE150_X	8121328P	UDP0137						CCGGTTCCTA-TATATTCGAG
SEE_15928_NAN_Lane_1-LANESEQ-MTR-11709	3	241104_ANNECATRIN_JIYOUN_3_OTHER_LIBRARY_SELF_3B_PE150_X	8102425B	UDP0138						GGCCAATATT-CGGTCCGATA
SEE_15928_NAN_Lane_1-LANESEQ-MTR-11709	3	241104_ANNECATRIN_JIYOUN_3_OTHER_LIBRARY_SELF_3B_PE150_X	8037388O	UDP0139						GAATACCTAT-ACAATAGAGT
SEE_15928_NAN_Lane_1-LANESEQ-MTR-11709	3	241104_ANNECATRIN_JIYOUN_3_OTHER_LIBRARY_SELF_3B_PE150_X	8099716A	UDP0140						TACGTGAAGG-CGGTTATTAG
SEE_15928_NAN_Lane_1-LANESEQ-MTR-11709	3	241104_ANNECATRIN_JIYOUN_3_OTHER_LIBRARY_SELF_3B_PE150_X	8103178K	UDP0141						CTTATTGGCC-GATAACAAGT
SEE_15928_NAN_Lane_1-LANESEQ-MTR-11709	3	241104_ANNECATRIN_JIYOUN_3_OTHER_LIBRARY_SELF_3B_PE150_X	8082637O	UDP0145V3						GTGCTAGGTT-TGAATATTGC
SEE_15928_NAN_Lane_1-LANESEQ-MTR-11709	3	241104_ANNECATRIN_JIYOUN_3_OTHER_LIBRARY_SELF_3B_PE150_X	8078821U	UDP0146V3						ACAGCGACCA-CAGGAGCTCT
SEE_15928_NAN_Lane_1-LANESEQ-MTR-11709	3	241104_ANNECATRIN_JIYOUN_3_OTHER_LIBRARY_SELF_3B_PE150_X	8094523N	UDP0147V3						TCCACACAGA-TTGTCGGATG
SEE_15928_NAN_Lane_1-LANESEQ-MTR-11709	3	241104_ANNECATRIN_JIYOUN_3_OTHER_LIBRARY_SELF_3B_PE150_X	8115745I	UDP0148V3						AAGTGTTAGG-GCTAGTTCCG
SEE_15928_NAN_Lane_1-LANESEQ-MTR-11709	3	241104_ANNECATRIN_JIYOUN_3_OTHER_LIBRARY_SELF_3B_PE150_X	8023933S	UDP0149						GATTCTGAAT-AGCGGTGGAC
SEE_15928_NAN_Lane_1-LANESEQ-MTR-11709	3	241104_ANNECATRIN_JIYOUN_3_OTHER_LIBRARY_SELF_3B_PE150_X	8035141M	UDP0150						TAGAGAATAC-TATAGATTCG
SEE_15928_NAN_Lane_1-LANESEQ-MTR-11709	3	241104_ANNECATRIN_JIYOUN_3_OTHER_LIBRARY_SELF_3B_PE150_X	8023113K	UDP0151						TTGTATCAGG-ACAGAGGCCA
SEE_15928_NAN_Lane_1-LANESEQ-MTR-11709	3	241104_ANNECATRIN_JIYOUN_3_OTHER_LIBRARY_SELF_3B_PE150_X	8086261N	UDP0152						CACAGCGGTC-ATTCCTATTG
SEE_15928_NAN_Lane_1-LANESEQ-MTR-11709	3	241104_ANNECATRIN_JIYOUN_3_OTHER_LIBRARY_SELF_3B_PE150_X	4096242U	UDP0153						CCACGCTGAA-TATTCCTCAG
SEE_15928_NAN_Lane_1-LANESEQ-MTR-11709	3	241104_ANNECATRIN_JIYOUN_3_OTHER_LIBRARY_SELF_3B_PE150_X	4107234P	UDP0154						GTTCGGAGTT-CGCCTTCTGA
SEE_15928_NAN_Lane_1-LANESEQ-MTR-11709	3	241104_ANNECATRIN_JIYOUN_3_OTHER_LIBRARY_SELF_3B_PE150_X	5013280V	UDP0155V3						ATGTCGTATT-TTCTTGCTGG
SEE_15928_NAN_Lane_1-LANESEQ-MTR-11709	3	241104_ANNECATRIN_JIYOUN_3_OTHER_LIBRARY_SELF_3B_PE150_X	5062063E	UDP0156						GCAATATTCA-GGCGCCAATT
SEE_15928_NAN_Lane_1-LANESEQ-MTR-11709	3	241104_ANNECATRIN_JIYOUN_3_OTHER_LIBRARY_SELF_3B_PE150_X	5020889L	UDP0157						CTAGATTGCG-AGATATGGCG
SEE_15928_NAN_Lane_1-LANESEQ-MTR-11709	3	241104_ANNECATRIN_JIYOUN_3_OTHER_LIBRARY_SELF_3B_PE150_X	5087746I	UDP0158						CGATGCGGTT-CCTGCTTGGT
SEE_15928_NAN_Lane_1-LANESEQ-MTR-11709	3	241104_ANNECATRIN_JIYOUN_3_OTHER_LIBRARY_SELF_3B_PE150_X	5064034B	UDP0159						TCCGGACTAG-GACGAACAAT
SEE_15928_NAN_Lane_1-LANESEQ-MTR-11709	3	241104_ANNECATRIN_JIYOUN_3_OTHER_LIBRARY_SELF_3B_PE150_X	5086363G	UDP0160						GTGACGGAGC-TGGCGGTCCA
SEE_15928_NAN_Lane_1-LANESEQ-MTR-11709	3	241104_ANNECATRIN_JIYOUN_3_OTHER_LIBRARY_SELF_3B_PE150_X	2041826T	UDP0167						AGCCTATGAT-CACCACCTAC
SEE_15928_NAN_Lane_1-LANESEQ-MTR-11709	3	241104_ANNECATRIN_JIYOUN_3_OTHER_LIBRARY_SELF_3B_PE150_X	2156952W	UDP0168						TATGACAATC-TTGCTTGTAT
SEE_15928_NAN_Lane_1-LANESEQ-MTR-11709	3	241104_ANNECATRIN_JIYOUN_3_OTHER_LIBRARY_SELF_3B_PE150_X	7094055F	UDP0171						AGGCGTTCGC-TTCATCCAAC
SEE_15928_NAN_Lane_1-LANESEQ-MTR-11709	3	241104_ANNECATRIN_JIYOUN_3_OTHER_LIBRARY_SELF_3B_PE150_X	7100357K	UDP0172						CCTCCGGTTG-CATAACACCA
SEE_15928_NAN_Lane_1-LANESEQ-MTR-11709	3	241104_ANNECATRIN_JIYOUN_3_OTHER_LIBRARY_SELF_3B_PE150_X	7100918T	UDP0173						GTCCACCGCT-TCCTATTAGC
SEE_15928_NAN_Lane_1-LANESEQ-MTR-11709	3	241104_ANNECATRIN_JIYOUN_3_OTHER_LIBRARY_SELF_3B_PE150_X	7096361L	UDP0174						ATTGTTCGTC-TCTCTAGATT
SEE_15928_NAN_Lane_1-LANESEQ-MTR-11709	3	241104_ANNECATRIN_JIYOUN_3_OTHER_LIBRARY_SELF_3B_PE150_X	3023067I	UDP0177						CTCGAATATA-GAGATGTCGA
SEE_15928_NAN_Lane_1-LANESEQ-MTR-11709	3	241104_ANNECATRIN_JIYOUN_3_OTHER_LIBRARY_SELF_3B_PE150_X	3053077K	UDP0178						GATCGTCGCG-CTGGATATGT
SEE_15928_NAN_Lane_1-LANESEQ-MTR-11709	3	241104_ANNECATRIN_JIYOUN_3_OTHER_LIBRARY_SELF_3B_PE150_X	4071993M	UDP0180						CGCTGTCTCA-ATTACTCACC
SEE_15928_NAN_Lane_1-LANESEQ-MTR-11709	3	241104_ANNECATRIN_JIYOUN_3_OTHER_LIBRARY_SELF_3B_PE150_X	4108809I	UDP0181						AATGCGAACA-AATTGGCGGA
SEE_15928_NAN_Lane_1-LANESEQ-MTR-11709	3	241104_ANNECATRIN_JIYOUN_3_OTHER_LIBRARY_SELF_3B_PE150_X	5087680M	UDP0182						AATTCTTGGA-TTGTCAACTT
SEE_15928_NAN_Lane_1-LANESEQ-MTR-11709	3	241104_ANNECATRIN_JIYOUN_3_OTHER_LIBRARY_SELF_3B_PE150_X	5096761L	UDP0183						TTCCTACAGC-GGCGAATTCT
SEE_15928_NAN_Lane_1-LANESEQ-MTR-11709	3	241104_ANNECATRIN_JIYOUN_3_OTHER_LIBRARY_SELF_3B_PE150_X	5101090M	UDP0184						ATCCAGGTAT-CAACGTCAGC
SEE_15928_NAN_Lane_1-LANESEQ-MTR-11709	3	241104_ANNECATRIN_JIYOUN_3_OTHER_LIBRARY_SELF_3B_PE150_X	8023141F	UDP0186						GTAACTTGGT-CGCCATACCT
SEE_15928_NAN_Lane_1-LANESEQ-MTR-11709	3	241104_ANNECATRIN_JIYOUN_3_OTHER_LIBRARY_SELF_3B_PE150_X	8034112B	UDP0187						AGCGCCACAC-CTAATGTCTT
SEE_15928_NAN_Lane_1-LANESEQ-MTR-11709	3	241104_ANNECATRIN_JIYOUN_3_OTHER_LIBRARY_SELF_3B_PE150_X	8083912N	UDP0188						TGCTACTGCC-CAACCGGAGG
SEE_15928_NAN_Lane_1-LANESEQ-MTR-11709	3	241104_ANNECATRIN_JIYOUN_3_OTHER_LIBRARY_SELF_3B_PE150_X	8035153F	UDP0189						CAACACCGCA-GGCAGTAGCA
SEE_15928_NAN_Lane_1-LANESEQ-MTR-11709	3	241104_ANNECATRIN_JIYOUN_3_OTHER_LIBRARY_SELF_3B_PE150_X	8136874D	UDP0190						CACCTTAATC-TTAGGATAGA
SEE_15928_NAN_Lane_1-LANESEQ-MTR-11709	3	241104_ANNECATRIN_JIYOUN_3_OTHER_LIBRARY_SELF_3B_PE150_X	libnegcontrol53A	UDP0097						TGCCGGTCAG-CCTGATACAA
SEE_15928_NAN_Lane_1-LANESEQ-MTR-11709	3	241104_ANNECATRIN_JIYOUN_3_OTHER_LIBRARY_SELF_3B_PE150_X	libnegcontrol53B	UDP0098						CACTCAATTC-TTAAGTTGTG
SEE_15928_NAN_Lane_1-LANESEQ-MTR-11709	3	241104_ANNECATRIN_JIYOUN_3_OTHER_LIBRARY_SELF_3B_PE150_X	libnegcontrol53C	UDP0099						TCTCACACGC-CGGACAGTGA
SEE_15928_NAN_Lane_1-LANESEQ-MTR-11709	3	241104_ANNECATRIN_JIYOUN_3_OTHER_LIBRARY_SELF_3B_PE150_X	libnegcontrol53D	UDP0100						TCAATGGAGA-GCACTACAAC
SEE_15928_NAN_Lane_1-LANESEQ-MTR-11709	3	241104_ANNECATRIN_JIYOUN_3_OTHER_LIBRARY_SELF_3B_PE150_X	POS53	UDP0185						ACGGTCCAAC-TCTTACATCA
SEE_15928_NAN_Lane_1-LANESEQ-MTR-11709	4	241104_ANNECATRIN_JIYOUN_3_OTHER_LIBRARY_SELF_3B_PE150_X	1030871K	UDP0197						TCCTGGTTGT-CTGACCGGCA
SEE_15928_NAN_Lane_1-LANESEQ-MTR-11709	4	241104_ANNECATRIN_JIYOUN_3_OTHER_LIBRARY_SELF_3B_PE150_X	1031070Q	UDP0198						TAATTCTGCT-TCTCATCAAT
SEE_15928_NAN_Lane_1-LANESEQ-MTR-11709	4	241104_ANNECATRIN_JIYOUN_3_OTHER_LIBRARY_SELF_3B_PE150_X	4110130K	UDP0209						GCTAGACTAT-AATACGACAT
SEE_15928_NAN_Lane_1-LANESEQ-MTR-11709	4	241104_ANNECATRIN_JIYOUN_3_OTHER_LIBRARY_SELF_3B_PE150_X	4138212C	UDP0210						AGCTACTATA-GTTATATGGC
SEE_15928_NAN_Lane_1-LANESEQ-MTR-11709	4	241104_ANNECATRIN_JIYOUN_3_OTHER_LIBRARY_SELF_3B_PE150_X	5057155D	UDP0211						CCACCGGAGT-GCCTGCCATG
SEE_15928_NAN_Lane_1-LANESEQ-MTR-11709	4	241104_ANNECATRIN_JIYOUN_3_OTHER_LIBRARY_SELF_3B_PE150_X	5113069K	UDP0212						CTTACCGCAC-TAAGACCTAT
SEE_15928_NAN_Lane_1-LANESEQ-MTR-11709	4	241104_ANNECATRIN_JIYOUN_3_OTHER_LIBRARY_SELF_3B_PE150_X	5152684R	UDP0213						TTAGGATATC-TATACCATGG
SEE_15928_NAN_Lane_1-LANESEQ-MTR-11709	4	241104_ANNECATRIN_JIYOUN_3_OTHER_LIBRARY_SELF_3B_PE150_X	5148826W	UDP0214						TTATACGCGA-GCCGTCTGTT
SEE_15928_NAN_Lane_1-LANESEQ-MTR-11709	4	241104_ANNECATRIN_JIYOUN_3_OTHER_LIBRARY_SELF_3B_PE150_X	5101804W	UDP0217						CACTATCAAC-TCAGTTAATG
SEE_15928_NAN_Lane_1-LANESEQ-MTR-11709	4	241104_ANNECATRIN_JIYOUN_3_OTHER_LIBRARY_SELF_3B_PE150_X	5128345E	UDP0218V3						CATCTACGTA-TGTAATTGAG
SEE_15928_NAN_Lane_1-LANESEQ-MTR-11709	4	241104_ANNECATRIN_JIYOUN_3_OTHER_LIBRARY_SELF_3B_PE150_X	5121565C	UDP0219						TTACAGTTAG-ACATGCATAT
SEE_15928_NAN_Lane_1-LANESEQ-MTR-11709	4	241104_ANNECATRIN_JIYOUN_3_OTHER_LIBRARY_SELF_3B_PE150_X	5122831C	UDP0220						CTAAGTACGC-AACATACCTA
SEE_15928_NAN_Lane_1-LANESEQ-MTR-11709	4	241104_ANNECATRIN_JIYOUN_3_OTHER_LIBRARY_SELF_3B_PE150_X	5149549R	UDP0221V3						CTAGAGCGCA-GCTTCTAGCA
SEE_15928_NAN_Lane_1-LANESEQ-MTR-11709	4	241104_ANNECATRIN_JIYOUN_3_OTHER_LIBRARY_SELF_3B_PE150_X	3074687M	UDP0225						TAGTGGAAGC-AGTACCTATA
SEE_15928_NAN_Lane_1-LANESEQ-MTR-11709	4	241104_ANNECATRIN_JIYOUN_3_OTHER_LIBRARY_SELF_3B_PE150_X	4045910R	UDP0226						CGCCATATCT-GACCGGAGAT
SEE_15928_NAN_Lane_1-LANESEQ-MTR-11709	4	241104_ANNECATRIN_JIYOUN_3_OTHER_LIBRARY_SELF_3B_PE150_X	4026390B	UDP0227V3						GCAGCCTCAA-TAAGTGCTAG
SEE_15928_NAN_Lane_1-LANESEQ-MTR-11709	4	241104_ANNECATRIN_JIYOUN_3_OTHER_LIBRARY_SELF_3B_PE150_X	4027479D	UDP0230						GTGGTATCTG-GCTACTATCT
SEE_15928_NAN_Lane_1-LANESEQ-MTR-11709	4	241104_ANNECATRIN_JIYOUN_3_OTHER_LIBRARY_SELF_3B_PE150_X	4094190A	UDP0231						TGACGGCCGT-AGTCAACCAT
SEE_15928_NAN_Lane_1-LANESEQ-MTR-11709	4	241104_ANNECATRIN_JIYOUN_3_OTHER_LIBRARY_SELF_3B_PE150_X	4027431I	UDP0232						CAGTAATTAC-CGAGGCGGTA
SEE_15928_NAN_Lane_1-LANESEQ-MTR-11709	4	241104_ANNECATRIN_JIYOUN_3_OTHER_LIBRARY_SELF_3B_PE150_X	2098402H	UDP0237						ATAGGTCTTA-GTCACCACAG
SEE_15928_NAN_Lane_1-LANESEQ-MTR-11709	4	241104_ANNECATRIN_JIYOUN_3_OTHER_LIBRARY_SELF_3B_PE150_X	2113972J	UDP0238						TTCTTAACCA-TCTACATACC
SEE_15928_NAN_Lane_1-LANESEQ-MTR-11709	4	241104_ANNECATRIN_JIYOUN_3_OTHER_LIBRARY_SELF_3B_PE150_X	2166619D	UDP0239						AAGGAAGAGT-CACGTTAGGC
SEE_15928_NAN_Lane_1-LANESEQ-MTR-11709	4	241104_ANNECATRIN_JIYOUN_3_OTHER_LIBRARY_SELF_3B_PE150_X	2174395D	UDP0240						GGAAGGAGAC-TGGTGAGTCT
SEE_15928_NAN_Lane_1-LANESEQ-MTR-11709	4	241104_ANNECATRIN_JIYOUN_3_OTHER_LIBRARY_SELF_3B_PE150_X	4076523B	UDP0241						TGAACGCGGA-CTTCGAAGGA
SEE_15928_NAN_Lane_1-LANESEQ-MTR-11709	4	241104_ANNECATRIN_JIYOUN_3_OTHER_LIBRARY_SELF_3B_PE150_X	4108998C	UDP0242V3						AAGAGAGTCT-TACGAATCTT
SEE_15928_NAN_Lane_1-LANESEQ-MTR-11709	4	241104_ANNECATRIN_JIYOUN_3_OTHER_LIBRARY_SELF_3B_PE150_X	4110009F	UDP0243						TTCATGGTTC-GACATTGTCA
SEE_15928_NAN_Lane_1-LANESEQ-MTR-11709	4	241104_ANNECATRIN_JIYOUN_3_OTHER_LIBRARY_SELF_3B_PE150_X	4137762S	UDP0244V3						CTCTCGGCTA-TACCAGATCT
SEE_15928_NAN_Lane_1-LANESEQ-MTR-11709	4	241104_ANNECATRIN_JIYOUN_3_OTHER_LIBRARY_SELF_3B_PE150_X	5039236F	UDP0245						CACTAGACCA-ACTGCCTTAT
SEE_15928_NAN_Lane_1-LANESEQ-MTR-11709	4	241104_ANNECATRIN_JIYOUN_3_OTHER_LIBRARY_SELF_3B_PE150_X	5024524I	UDP0246						ATTATCCACT-TACGCACGTA
SEE_15928_NAN_Lane_1-LANESEQ-MTR-11709	4	241104_ANNECATRIN_JIYOUN_3_OTHER_LIBRARY_SELF_3B_PE150_X	5022584A	UDP0247						ATGGCGTGCC-CGCTTGAAGT
SEE_15928_NAN_Lane_1-LANESEQ-MTR-11709	4	241104_ANNECATRIN_JIYOUN_3_OTHER_LIBRARY_SELF_3B_PE150_X	5048500N	UDP0248						TCCAGAGATC-CTGCACTTCA
SEE_15928_NAN_Lane_1-LANESEQ-MTR-11709	4	241104_ANNECATRIN_JIYOUN_3_OTHER_LIBRARY_SELF_3B_PE150_X	3004869C	UDP0249						ATGTCCAGCA-CAGCGGACAA
SEE_15928_NAN_Lane_1-LANESEQ-MTR-11709	4	241104_ANNECATRIN_JIYOUN_3_OTHER_LIBRARY_SELF_3B_PE150_X	3036227O	UDP0250						CAACGTTCGG-GGATCCGCAT
SEE_15928_NAN_Lane_1-LANESEQ-MTR-11709	4	241104_ANNECATRIN_JIYOUN_3_OTHER_LIBRARY_SELF_3B_PE150_X	3047797I	UDP0251						GCGTATTAAT-TGCGGTGTTG
SEE_15928_NAN_Lane_1-LANESEQ-MTR-11709	4	241104_ANNECATRIN_JIYOUN_3_OTHER_LIBRARY_SELF_3B_PE150_X	3078545M	UDP0252V2						CCGAATCTGG-ATGAATCAAG
SEE_15928_NAN_Lane_1-LANESEQ-MTR-11709	4	241104_ANNECATRIN_JIYOUN_3_OTHER_LIBRARY_SELF_3B_PE150_X	4071891U	UDP0253						TCTCAATACC-GACGTTCGCG
SEE_15928_NAN_Lane_1-LANESEQ-MTR-11709	4	241104_ANNECATRIN_JIYOUN_3_OTHER_LIBRARY_SELF_3B_PE150_X	4095174Q	UDP0255						TCAGTCTCGT-CACGGATTAT
SEE_15928_NAN_Lane_1-LANESEQ-MTR-11709	4	241104_ANNECATRIN_JIYOUN_3_OTHER_LIBRARY_SELF_3B_PE150_X	4094688N	UDP0256V3						GTATAGAACA-TGTCACAGGA
SEE_15928_NAN_Lane_1-LANESEQ-MTR-11709	4	241104_ANNECATRIN_JIYOUN_3_OTHER_LIBRARY_SELF_3B_PE150_X	3000588H	UDP0257						GTAACAATCT-CTCTGTATAC
SEE_15928_NAN_Lane_1-LANESEQ-MTR-11709	4	241104_ANNECATRIN_JIYOUN_3_OTHER_LIBRARY_SELF_3B_PE150_X	3001845I	UDP0258V2						CCATGGTATA-TCTCGCGGAG
SEE_15928_NAN_Lane_1-LANESEQ-MTR-11709	4	241104_ANNECATRIN_JIYOUN_3_OTHER_LIBRARY_SELF_3B_PE150_X	3024823O	UDP0259						TCATACCGTT-GGTAACGCAG
SEE_15928_NAN_Lane_1-LANESEQ-MTR-11709	4	241104_ANNECATRIN_JIYOUN_3_OTHER_LIBRARY_SELF_3B_PE150_X	3031351P	UDP0260						GGCGCCATTG-ACCGCGCAAT
SEE_15928_NAN_Lane_1-LANESEQ-MTR-11709	4	241104_ANNECATRIN_JIYOUN_3_OTHER_LIBRARY_SELF_3B_PE150_X	3038569W	UDP0261						AGCGAATTAG-AGCCGGAACA
SEE_15928_NAN_Lane_1-LANESEQ-MTR-11709	4	241104_ANNECATRIN_JIYOUN_3_OTHER_LIBRARY_SELF_3B_PE150_X	3041557M	UDP0262						TTAGACCATG-TCCTAGGAAG
SEE_15928_NAN_Lane_1-LANESEQ-MTR-11709	4	241104_ANNECATRIN_JIYOUN_3_OTHER_LIBRARY_SELF_3B_PE150_X	3068686A	UDP0263						CACACAGTAT-TTGAGCCTAA
SEE_15928_NAN_Lane_1-LANESEQ-MTR-11709	4	241104_ANNECATRIN_JIYOUN_3_OTHER_LIBRARY_SELF_3B_PE150_X	3073083D	UDP0264						TCTTGTCGGC-CCACCTGTGT
SEE_15928_NAN_Lane_1-LANESEQ-MTR-11709	4	241104_ANNECATRIN_JIYOUN_3_OTHER_LIBRARY_SELF_3B_PE150_X	1031361F	UDP0265V3						CTAACCGAGA-TCGATGCGCG
SEE_15928_NAN_Lane_1-LANESEQ-MTR-11709	4	241104_ANNECATRIN_JIYOUN_3_OTHER_LIBRARY_SELF_3B_PE150_X	2143509O	UDP0267V3						GAGGAGCTTC-GACGTATACA
SEE_15928_NAN_Lane_1-LANESEQ-MTR-11709	4	241104_ANNECATRIN_JIYOUN_3_OTHER_LIBRARY_SELF_3B_PE150_X	2204402V	UDP0268V3						TCATCTACTA-TAGGCGACTT
SEE_15928_NAN_Lane_1-LANESEQ-MTR-11709	4	241104_ANNECATRIN_JIYOUN_3_OTHER_LIBRARY_SELF_3B_PE150_X	2200752O	UDP0269						GTAGGCGAGC-TAGGAGCGCA
SEE_15928_NAN_Lane_1-LANESEQ-MTR-11709	4	241104_ANNECATRIN_JIYOUN_3_OTHER_LIBRARY_SELF_3B_PE150_X	2085312G	UDP0270						AACTTATCCT-GTACTGGCGT
SEE_15928_NAN_Lane_1-LANESEQ-MTR-11709	4	241104_ANNECATRIN_JIYOUN_3_OTHER_LIBRARY_SELF_3B_PE150_X	2103054H	UDP0271						ATTATGTCTC-AGTTAAGAGC
SEE_15928_NAN_Lane_1-LANESEQ-MTR-11709	4	241104_ANNECATRIN_JIYOUN_3_OTHER_LIBRARY_SELF_3B_PE150_X	2186997F	UDP0272						TATAACAGCT-TCGCGTATAA
SEE_15928_NAN_Lane_1-LANESEQ-MTR-11709	4	241104_ANNECATRIN_JIYOUN_3_OTHER_LIBRARY_SELF_3B_PE150_X	2202891N	UDP0273						CCAATGATAC-GAGTGTGCCG
SEE_15928_NAN_Lane_1-LANESEQ-MTR-11709	4	241104_ANNECATRIN_JIYOUN_3_OTHER_LIBRARY_SELF_3B_PE150_X	2196627J	UDP0274						GAGGCCTATT-CTAGTCCGGA
SEE_15928_NAN_Lane_1-LANESEQ-MTR-11709	4	241104_ANNECATRIN_JIYOUN_3_OTHER_LIBRARY_SELF_3B_PE150_X	2047650A	UDP0275						AGCTAAGCGG-ATTAATACGC
SEE_15928_NAN_Lane_1-LANESEQ-MTR-11709	4	241104_ANNECATRIN_JIYOUN_3_OTHER_LIBRARY_SELF_3B_PE150_X	2059668L	UDP0276						CTTCCTAGGA-CCTAGAGTAT
SEE_15928_NAN_Lane_1-LANESEQ-MTR-11709	4	241104_ANNECATRIN_JIYOUN_3_OTHER_LIBRARY_SELF_3B_PE150_X	2064414P	UDP0277						CGATCTGTGA-TAGGAAGACT
SEE_15928_NAN_Lane_1-LANESEQ-MTR-11709	4	241104_ANNECATRIN_JIYOUN_3_OTHER_LIBRARY_SELF_3B_PE150_X	2088731R	UDP0278						GTGGACAAGT-CCGTGGCCTT
SEE_15928_NAN_Lane_1-LANESEQ-MTR-11709	4	241104_ANNECATRIN_JIYOUN_3_OTHER_LIBRARY_SELF_3B_PE150_X	2125225H	UDP0279						AACAAGTACA-GGATATATCC
SEE_15928_NAN_Lane_1-LANESEQ-MTR-11709	4	241104_ANNECATRIN_JIYOUN_3_OTHER_LIBRARY_SELF_3B_PE150_X	2133536R	UDP0280						AGATTAAGTG-CACCTCTTGG
SEE_15928_NAN_Lane_1-LANESEQ-MTR-11709	4	241104_ANNECATRIN_JIYOUN_3_OTHER_LIBRARY_SELF_3B_PE150_X	libnegcontrol54A	UDP0193V3						ATCGTTACGG-GCTCCGGAAG
SEE_15928_NAN_Lane_1-LANESEQ-MTR-11709	4	241104_ANNECATRIN_JIYOUN_3_OTHER_LIBRARY_SELF_3B_PE150_X	libnegcontrol54B	UDP0194V3						TCCTACGTCA-TACTTAAGTG
SEE_15928_NAN_Lane_1-LANESEQ-MTR-11709	4	241104_ANNECATRIN_JIYOUN_3_OTHER_LIBRARY_SELF_3B_PE150_X	libnegcontrol54C	UDP0195V3						GTTATATCGC-AAGACAAGGA
SEE_15928_NAN_Lane_1-LANESEQ-MTR-11709	4	241104_ANNECATRIN_JIYOUN_3_OTHER_LIBRARY_SELF_3B_PE150_X	libnegcontrol54D	UDP0196V3						GTTGGCCATC-TGACATTCGT
SEE_15928_NAN_Lane_1-LANESEQ-MTR-11709	4	241104_ANNECATRIN_JIYOUN_3_OTHER_LIBRARY_SELF_3B_PE150_X	POS54	UDP0281						TATCACTCTG-AACGTTACAT
SEE_15928_NAN_Lane_1-LANESEQ-MTR-11709	5	241104_ANNECATRIN_JIYOUN_3_OTHER_LIBRARY_SELF_3B_PE150_X	7044623B	UDP0201						AACCGAGTTC-GATCTCTGGA
SEE_15928_NAN_Lane_1-LANESEQ-MTR-11709	5	241104_ANNECATRIN_JIYOUN_3_OTHER_LIBRARY_SELF_3B_PE150_X	7026513K	UDP0202						TGTGATAACT-CAGGCGCCAT
SEE_15928_NAN_Lane_1-LANESEQ-MTR-11709	5	241104_ANNECATRIN_JIYOUN_3_OTHER_LIBRARY_SELF_3B_PE150_X	8031947L	UDP0205						TCCTCGGACT-AACGCCAGAG
SEE_15928_NAN_Lane_1-LANESEQ-MTR-11709	5	241104_ANNECATRIN_JIYOUN_3_OTHER_LIBRARY_SELF_3B_PE150_X	8077126U	UDP0206						CTGGAACTGT-CGTAATTAAC
SEE_15928_NAN_Lane_1-LANESEQ-MTR-11709	5	241104_ANNECATRIN_JIYOUN_3_OTHER_LIBRARY_SELF_3B_PE150_X	8149867C	UDP0207						GAATATGCGG-ACGAGACTGA
SEE_15928_NAN_Lane_1-LANESEQ-MTR-11709	5	241104_ANNECATRIN_JIYOUN_3_OTHER_LIBRARY_SELF_3B_PE150_X	8182801U	UDP0208						GATCGGATAA-GTATCGGCCG
SEE_15928_NAN_Lane_1-LANESEQ-MTR-11709	5	241104_ANNECATRIN_JIYOUN_3_OTHER_LIBRARY_SELF_3B_PE150_X	7069792K	UDP0215						CGCTTAGAAT-CAGAGTGATA
SEE_15928_NAN_Lane_1-LANESEQ-MTR-11709	5	241104_ANNECATRIN_JIYOUN_3_OTHER_LIBRARY_SELF_3B_PE150_X	6059199L	UDP0222V3						TCGATCACGC-CATAGAGCCT
SEE_15928_NAN_Lane_1-LANESEQ-MTR-11709	5	241104_ANNECATRIN_JIYOUN_3_OTHER_LIBRARY_SELF_3B_PE150_X	6059900B	UDP0223V3						AACCTGGCTC-TGAGTATGTT
SEE_15928_NAN_Lane_1-LANESEQ-MTR-11709	5	241104_ANNECATRIN_JIYOUN_3_OTHER_LIBRARY_SELF_3B_PE150_X	8214787N	UDP0233						TACAAGACTT-CAGGTGTTCA
SEE_15928_NAN_Lane_1-LANESEQ-MTR-11709	5	241104_ANNECATRIN_JIYOUN_3_OTHER_LIBRARY_SELF_3B_PE150_X	8224771W	UDP0234						CTGTGGTGAC-GACAGACAGG
SEE_15928_NAN_Lane_1-LANESEQ-MTR-11709	5	241104_ANNECATRIN_JIYOUN_3_OTHER_LIBRARY_SELF_3B_PE150_X	8201189I	UDP0282						AGAATTCGCC-CGGCAAGCTC
SEE_15928_NAN_Lane_1-LANESEQ-MTR-11709	5	241104_ANNECATRIN_JIYOUN_3_OTHER_LIBRARY_SELF_3B_PE150_X	8203025F	UDP0283						CCTGACCACT-TCTTGGCTAT
SEE_15928_NAN_Lane_1-LANESEQ-MTR-11709	5	241104_ANNECATRIN_JIYOUN_3_OTHER_LIBRARY_SELF_3B_PE150_X	1031171K	UDP0296						CTATGAAGGA-CTTATACCTG
SEE_15928_NAN_Lane_1-LANESEQ-MTR-11709	5	241104_ANNECATRIN_JIYOUN_3_OTHER_LIBRARY_SELF_3B_PE150_X	2085806E	UDP0297						GAAGACTAGA-ACTAGAACTT
SEE_15928_NAN_Lane_1-LANESEQ-MTR-11709	5	241104_ANNECATRIN_JIYOUN_3_OTHER_LIBRARY_SELF_3B_PE150_X	2135183O	UDP0298V3						CCAGGTTATC-GAATGCAGTT
SEE_15928_NAN_Lane_1-LANESEQ-MTR-11709	5	241104_ANNECATRIN_JIYOUN_3_OTHER_LIBRARY_SELF_3B_PE150_X	3039989S	UDP0299						TTCACTCACT-TATCATGAGA
SEE_15928_NAN_Lane_1-LANESEQ-MTR-11709	5	241104_ANNECATRIN_JIYOUN_3_OTHER_LIBRARY_SELF_3B_PE150_X	3082658A	UDP0300						GGTCCGCTTC-CTCACACAAG
SEE_15928_NAN_Lane_1-LANESEQ-MTR-11709	5	241104_ANNECATRIN_JIYOUN_3_OTHER_LIBRARY_SELF_3B_PE150_X	4066551C	UDP0301V2						TAGTGGCTTG-AGTTACTTGG
SEE_15928_NAN_Lane_1-LANESEQ-MTR-11709	5	241104_ANNECATRIN_JIYOUN_3_OTHER_LIBRARY_SELF_3B_PE150_X	4071978I	UDP0302						ATTGAGGTCC-CGGATTATAT
SEE_15928_NAN_Lane_1-LANESEQ-MTR-11709	5	241104_ANNECATRIN_JIYOUN_3_OTHER_LIBRARY_SELF_3B_PE150_X	5024689W	UDP0304						CCGCTCCGTT-TACGGCGAAG
SEE_15928_NAN_Lane_1-LANESEQ-MTR-11709	5	241104_ANNECATRIN_JIYOUN_3_OTHER_LIBRARY_SELF_3B_PE150_X	5048861E	UDP0313						TTAATAGCAC-ACCACGTCTG
SEE_15928_NAN_Lane_1-LANESEQ-MTR-11709	5	241104_ANNECATRIN_JIYOUN_3_OTHER_LIBRARY_SELF_3B_PE150_X	6007733L	UDP0315						GGCACTAAGG-TCAGGTCAAC
SEE_15928_NAN_Lane_1-LANESEQ-MTR-11709	5	241104_ANNECATRIN_JIYOUN_3_OTHER_LIBRARY_SELF_3B_PE150_X	6008870T	UDP0316						ATTCGGTACA-AGTCCGAGGA
SEE_15928_NAN_Lane_1-LANESEQ-MTR-11709	5	241104_ANNECATRIN_JIYOUN_3_OTHER_LIBRARY_SELF_3B_PE150_X	6065396A	UDP0317						ACTAATCTCC-CACTTAATCT
SEE_15928_NAN_Lane_1-LANESEQ-MTR-11709	5	241104_ANNECATRIN_JIYOUN_3_OTHER_LIBRARY_SELF_3B_PE150_X	6082586V	UDP0318						TGTGTTAGTA-TACTCTGTTA
SEE_15928_NAN_Lane_1-LANESEQ-MTR-11709	5	241104_ANNECATRIN_JIYOUN_3_OTHER_LIBRARY_SELF_3B_PE150_X	7018768T	UDP0319						CAACGACCTA-GCGACTCGAT
SEE_15928_NAN_Lane_1-LANESEQ-MTR-11709	5	241104_ANNECATRIN_JIYOUN_3_OTHER_LIBRARY_SELF_3B_PE150_X	7020842V	UDP0320						CGGTCGGCAT-CTAGGCAAGG
SEE_15928_NAN_Lane_1-LANESEQ-MTR-11709	5	241104_ANNECATRIN_JIYOUN_3_OTHER_LIBRARY_SELF_3B_PE150_X	1031343H	UDP0334						AATGACTGGT-TCTCACGCGT
SEE_15928_NAN_Lane_1-LANESEQ-MTR-11709	5	241104_ANNECATRIN_JIYOUN_3_OTHER_LIBRARY_SELF_3B_PE150_X	1048427G	UDP0335						ATGATTCCGG-CTCTGACGTG
SEE_15928_NAN_Lane_1-LANESEQ-MTR-11709	5	241104_ANNECATRIN_JIYOUN_3_OTHER_LIBRARY_SELF_3B_PE150_X	1048602O	UDP0336						TTAGGCTCAA-TCGAATGGAA
SEE_15928_NAN_Lane_1-LANESEQ-MTR-11709	5	241104_ANNECATRIN_JIYOUN_3_OTHER_LIBRARY_SELF_3B_PE150_X	1041525S	UDP0339						ACATGAGTGA-CCGCTTAGCT
SEE_15928_NAN_Lane_1-LANESEQ-MTR-11709	5	241104_ANNECATRIN_JIYOUN_3_OTHER_LIBRARY_SELF_3B_PE150_X	1050678P	UDP0340						GCAACCAGTC-CACCGAGGAA
SEE_15928_NAN_Lane_1-LANESEQ-MTR-11709	5	241104_ANNECATRIN_JIYOUN_3_OTHER_LIBRARY_SELF_3B_PE150_X	1043056R	UDP0341						GAGCGACGAT-CGTATAATCA
SEE_15928_NAN_Lane_1-LANESEQ-MTR-11709	5	241104_ANNECATRIN_JIYOUN_3_OTHER_LIBRARY_SELF_3B_PE150_X	2034344F	UDP0342						CGAACGCACC-ATGACAGAAC
SEE_15928_NAN_Lane_1-LANESEQ-MTR-11709	5	241104_ANNECATRIN_JIYOUN_3_OTHER_LIBRARY_SELF_3B_PE150_X	2100672T	UDP0343						TCTTACGCCG-ATTCATTGCA
SEE_15928_NAN_Lane_1-LANESEQ-MTR-11709	5	241104_ANNECATRIN_JIYOUN_3_OTHER_LIBRARY_SELF_3B_PE150_X	2191068V	UDP0344						AGCTGATGTC-TCATGTCCTG
SEE_15928_NAN_Lane_1-LANESEQ-MTR-11709	5	241104_ANNECATRIN_JIYOUN_3_OTHER_LIBRARY_SELF_3B_PE150_X	2012703C	UDP0345						CTGAATTAGT-AATTCGATCG
SEE_15928_NAN_Lane_1-LANESEQ-MTR-11709	5	241104_ANNECATRIN_JIYOUN_3_OTHER_LIBRARY_SELF_3B_PE150_X	2018098J	UDP0346						TAAGGAGGAA-TTCCGACATT
SEE_15928_NAN_Lane_1-LANESEQ-MTR-11709	5	241104_ANNECATRIN_JIYOUN_3_OTHER_LIBRARY_SELF_3B_PE150_X	2075776Q	UDP0347						AGCTTACACA-TGGCACGACC
SEE_15928_NAN_Lane_1-LANESEQ-MTR-11709	5	241104_ANNECATRIN_JIYOUN_3_OTHER_LIBRARY_SELF_3B_PE150_X	2096747G	UDP0348						AACCAGCCAC-GCCACAGCAC
SEE_15928_NAN_Lane_1-LANESEQ-MTR-11709	5	241104_ANNECATRIN_JIYOUN_3_OTHER_LIBRARY_SELF_3B_PE150_X	2205830S	UDP0349						CTTAAGTCGA-CAGTAGTTGT
SEE_15928_NAN_Lane_1-LANESEQ-MTR-11709	5	241104_ANNECATRIN_JIYOUN_3_OTHER_LIBRARY_SELF_3B_PE150_X	2200717Q	UDP0350						GCCTAACGTG-AGCTCTCAAG
SEE_15928_NAN_Lane_1-LANESEQ-MTR-11709	5	241104_ANNECATRIN_JIYOUN_3_OTHER_LIBRARY_SELF_3B_PE150_X	2044959I	UDP0351						ACTTACTTCA-TCTGGAATTA
SEE_15928_NAN_Lane_1-LANESEQ-MTR-11709	5	241104_ANNECATRIN_JIYOUN_3_OTHER_LIBRARY_SELF_3B_PE150_X	2062111U	UDP0352						CGCATTCCGT-ATTAGTGGAG
SEE_15928_NAN_Lane_1-LANESEQ-MTR-11709	5	241104_ANNECATRIN_JIYOUN_3_OTHER_LIBRARY_SELF_3B_PE150_X	2122705I	UDP0353						GATATCACAC-GACTATATGT
SEE_15928_NAN_Lane_1-LANESEQ-MTR-11709	5	241104_ANNECATRIN_JIYOUN_3_OTHER_LIBRARY_SELF_3B_PE150_X	2126427N	UDP0354						AGCGCTGTGT-CGTTCGGAAC
SEE_15928_NAN_Lane_1-LANESEQ-MTR-11709	5	241104_ANNECATRIN_JIYOUN_3_OTHER_LIBRARY_SELF_3B_PE150_X	3030002W	UDP0355						TCACCGCGCT-TCGATACTAG
SEE_15928_NAN_Lane_1-LANESEQ-MTR-11709	5	241104_ANNECATRIN_JIYOUN_3_OTHER_LIBRARY_SELF_3B_PE150_X	3034496U	UDP0356						GATAGCCTTG-TACCACAATG
SEE_15928_NAN_Lane_1-LANESEQ-MTR-11709	5	241104_ANNECATRIN_JIYOUN_3_OTHER_LIBRARY_SELF_3B_PE150_X	3075867F	UDP0357						CCTGGACGCA-TGGTATACCA
SEE_15928_NAN_Lane_1-LANESEQ-MTR-11709	5	241104_ANNECATRIN_JIYOUN_3_OTHER_LIBRARY_SELF_3B_PE150_X	3078455N	UDP0358						TTACGCACCT-GCTCTCGTTG
SEE_15928_NAN_Lane_1-LANESEQ-MTR-11709	5	241104_ANNECATRIN_JIYOUN_3_OTHER_LIBRARY_SELF_3B_PE150_X	4025886A	UDP0359						TCGTTGCTGC-GTCTCGTGAA
SEE_15928_NAN_Lane_1-LANESEQ-MTR-11709	5	241104_ANNECATRIN_JIYOUN_3_OTHER_LIBRARY_SELF_3B_PE150_X	4026195W	UDP0360						CGACAAGGAT-AAGGCCACCT
SEE_15928_NAN_Lane_1-LANESEQ-MTR-11709	5	241104_ANNECATRIN_JIYOUN_3_OTHER_LIBRARY_SELF_3B_PE150_X	6065886G	UDP0362						ACCTGGCCAA-TCACAGATCG
SEE_15928_NAN_Lane_1-LANESEQ-MTR-11709	5	241104_ANNECATRIN_JIYOUN_3_OTHER_LIBRARY_SELF_3B_PE150_X	7041570L	UDP0363						TGTCTGGCCT-AGAAGCCAAT
SEE_15928_NAN_Lane_1-LANESEQ-MTR-11709	5	241104_ANNECATRIN_JIYOUN_3_OTHER_LIBRARY_SELF_3B_PE150_X	4025968V	UDP0369V3						GATGAATTCA-TGCTGTGATT
SEE_15928_NAN_Lane_1-LANESEQ-MTR-11709	5	241104_ANNECATRIN_JIYOUN_3_OTHER_LIBRARY_SELF_3B_PE150_X	4027251K	UDP0370V3						ATCCGGCAGC-GATCGAATAA
SEE_15928_NAN_Lane_1-LANESEQ-MTR-11709	5	241104_ANNECATRIN_JIYOUN_3_OTHER_LIBRARY_SELF_3B_PE150_X	5042953G	UDP0373						GTTGCGTTCA-GTTGCAGTTG
SEE_15928_NAN_Lane_1-LANESEQ-MTR-11709	5	241104_ANNECATRIN_JIYOUN_3_OTHER_LIBRARY_SELF_3B_PE150_X	5076964J	UDP0374						CTTCAACCAC-TTATGCGCCT
SEE_15928_NAN_Lane_1-LANESEQ-MTR-11709	5	241104_ANNECATRIN_JIYOUN_3_OTHER_LIBRARY_SELF_3B_PE150_X	5075308C	UDP0375						TCTATTCAGT-TCTCAGTACA
SEE_15928_NAN_Lane_1-LANESEQ-MTR-11709	5	241104_ANNECATRIN_JIYOUN_3_OTHER_LIBRARY_SELF_3B_PE150_X	5051053S	UDP0376						CAAGACGTCC-AGTATACGGA
SEE_15928_NAN_Lane_1-LANESEQ-MTR-11709	5	241104_ANNECATRIN_JIYOUN_3_OTHER_LIBRARY_SELF_3B_PE150_X	libnegcontrol55A	UDP0289V2						AGATAGTAGC-GGCACGCCAT
SEE_15928_NAN_Lane_1-LANESEQ-MTR-11709	5	241104_ANNECATRIN_JIYOUN_3_OTHER_LIBRARY_SELF_3B_PE150_X	libnegcontrol55B	UDP0290V2						ATTAGAAGAC-GCAGGCTGGA
SEE_15928_NAN_Lane_1-LANESEQ-MTR-11709	5	241104_ANNECATRIN_JIYOUN_3_OTHER_LIBRARY_SELF_3B_PE150_X	libnegcontrol55C	UDP0291V2						GCTCGCACAT-ATGGCTTAAT
SEE_15928_NAN_Lane_1-LANESEQ-MTR-11709	5	241104_ANNECATRIN_JIYOUN_3_OTHER_LIBRARY_SELF_3B_PE150_X	libnegcontrol55D	UDP0292						AATATTGCCA-CGGTGACACC
SEE_15928_NAN_Lane_1-LANESEQ-MTR-11709	5	241104_ANNECATRIN_JIYOUN_3_OTHER_LIBRARY_SELF_3B_PE150_X	POS55	UDP0377						TGAGTACAAC-ACGCTTGGAC
SEE_15928_NAN_Lane_1-LANESEQ-MTR-11709	6	241104_ANNECATRIN_ANNECATRIN_1_OTHER_LIBRARY_SELF_3B_PE150_X	Cooper_2_Urine	UDP0005						CTTGTCGA-CGATGTTC
SEE_15928_NAN_Lane_1-LANESEQ-MTR-11709	6	241104_ANNECATRIN_ANNECATRIN_1_OTHER_LIBRARY_SELF_3B_PE150_X	Cooper_3_Urine	UDP0006						TTCCAAGG-CTACAAGG
SEE_15928_NAN_Lane_1-LANESEQ-MTR-11709	6	241104_ANNECATRIN_ANNECATRIN_1_OTHER_LIBRARY_SELF_3B_PE150_X	Cooper_4_Urine	UDP0007						CGCATGAT-AAGCCTGA
SEE_15928_NAN_Lane_1-LANESEQ-MTR-11709	6	241104_ANNECATRIN_ANNECATRIN_1_OTHER_LIBRARY_SELF_3B_PE150_X	Cooper_5_Urine	UDP0008						ACGGAACA-ACGAGAAC
SEE_15928_NAN_Lane_1-LANESEQ-MTR-11709	6	241104_ANNECATRIN_ANNECATRIN_1_OTHER_LIBRARY_SELF_3B_PE150_X	Cooper_6_Urine	UDP0009						CGGCTAAT-CTCGTTCT
SEE_15928_NAN_Lane_1-LANESEQ-MTR-11709	6	241104_ANNECATRIN_ANNECATRIN_1_OTHER_LIBRARY_SELF_3B_PE150_X	Cooper_7_Urine	UDP0010						ATCGATCG-TGGAAGCA
SEE_15928_NAN_Lane_1-LANESEQ-MTR-11709	6	241104_ANNECATRIN_ANNECATRIN_1_OTHER_LIBRARY_SELF_3B_PE150_X	Cooper_8_Urine	UDP0011						GCAAGATC-AGTCGAAG
SEE_15928_NAN_Lane_1-LANESEQ-MTR-11709	6	241104_ANNECATRIN_ANNECATRIN_1_OTHER_LIBRARY_SELF_3B_PE150_X	Cooper_9_Urine	UDP0012						GCTATCCT-AACAGGTG
SEE_15928_NAN_Lane_1-LANESEQ-MTR-11709	6	241104_ANNECATRIN_ANNECATRIN_1_OTHER_LIBRARY_SELF_3B_PE150_X	Cooper_10_Urine	UDP0013						TACGCTAC-CGTGTGAT
SEE_15928_NAN_Lane_1-LANESEQ-MTR-11709	6	241104_ANNECATRIN_ANNECATRIN_1_OTHER_LIBRARY_SELF_3B_PE150_X	Cooper_11_Urine	UDP0014						TGGACTCT-TCTTACGG
SEE_15928_NAN_Lane_1-LANESEQ-MTR-11709	6	241104_ANNECATRIN_ANNECATRIN_1_OTHER_LIBRARY_SELF_3B_PE150_X	Cooper_18_Urine	UDP0015						AGAGTAGC-AAGGCGTA
SEE_15928_NAN_Lane_1-LANESEQ-MTR-11709	6	241104_ANNECATRIN_ANNECATRIN_1_OTHER_LIBRARY_SELF_3B_PE150_X	Cooper_23_Urine	UDP0016						ATCCAGAG-TAACGTCG
SEE_15928_NAN_Lane_1-LANESEQ-MTR-11709	6	241104_ANNECATRIN_ANNECATRIN_1_OTHER_LIBRARY_SELF_3B_PE150_X	Cooper_25_Urine	UDP0017						GACGATCT-TCGTGCAT
SEE_15928_NAN_Lane_1-LANESEQ-MTR-11709	6	241104_ANNECATRIN_ANNECATRIN_1_OTHER_LIBRARY_SELF_3B_PE150_X	Cooper_27_Urine	UDP0018						AACTGAGC-CAATCAGG
SEE_15928_NAN_Lane_1-LANESEQ-MTR-11709	6	241104_ANNECATRIN_ANNECATRIN_1_OTHER_LIBRARY_SELF_3B_PE150_X	Cooper_28_Urine	UDP0019						CTTAGGAC-ACTCCTAC
SEE_15928_NAN_Lane_1-LANESEQ-MTR-11709	6	241104_ANNECATRIN_ANNECATRIN_1_OTHER_LIBRARY_SELF_3B_PE150_X	Cooper_30_Urine	UDP0020						GTGCCATA-CTCCTAGT
SEE_15928_NAN_Lane_1-LANESEQ-MTR-11709	6	241104_ANNECATRIN_ANNECATRIN_1_OTHER_LIBRARY_SELF_3B_PE150_X	Cooper_35_Urine	UDP0021						GAATCCGA-AGCTAGTG
SEE_15928_NAN_Lane_1-LANESEQ-MTR-11709	6	241104_ANNECATRIN_ANNECATRIN_1_OTHER_LIBRARY_SELF_3B_PE150_X	Cooper_36_Urine	UDP0022						TCGCTGTT-CAAGTCGT
SEE_15928_NAN_Lane_1-LANESEQ-MTR-11709	6	241104_ANNECATRIN_ANNECATRIN_1_OTHER_LIBRARY_SELF_3B_PE150_X	Cooper_40_Urine	UDP0023						TTCGTTGG-TACACACG
SEE_15928_NAN_Lane_1-LANESEQ-MTR-11709	6	241104_ANNECATRIN_ANNECATRIN_1_OTHER_LIBRARY_SELF_3B_PE150_X	Cooper_41_Urine	UDP0024						AAGCACTG-AGGTCAAC
SEE_15928_NAN_Lane_1-LANESEQ-MTR-11709	6	241104_ANNECATRIN_ANNECATRIN_1_OTHER_LIBRARY_SELF_3B_PE150_X	Cooper_2_2_Urine	UDP0025						CCTTGATC-GATGGAGT
SEE_15928_NAN_Lane_1-LANESEQ-MTR-11709	6	241104_ANNECATRIN_ANNECATRIN_1_OTHER_LIBRARY_SELF_3B_PE150_X	Cooper_3_2_Urine	UDP0026						GTCGAAGA-CCACATTG
SEE_15928_NAN_Lane_1-LANESEQ-MTR-11709	6	241104_ANNECATRIN_ANNECATRIN_1_OTHER_LIBRARY_SELF_3B_PE150_X	Cooper_4_2_Urine	UDP0027						ACCACGAT-GTCTGCAA
SEE_15928_NAN_Lane_1-LANESEQ-MTR-11709	6	241104_ANNECATRIN_ANNECATRIN_1_OTHER_LIBRARY_SELF_3B_PE150_X	Cooper_5_2_Urine	UDP0028						GATTACCG-TTGGACTG
SEE_15928_NAN_Lane_1-LANESEQ-MTR-11709	6	241104_ANNECATRIN_ANNECATRIN_1_OTHER_LIBRARY_SELF_3B_PE150_X	Cooper_6_2_Urine	UDP0029						GCACAACT-CTGAACGT
SEE_15928_NAN_Lane_1-LANESEQ-MTR-11709	6	241104_ANNECATRIN_ANNECATRIN_1_OTHER_LIBRARY_SELF_3B_PE150_X	Cooper_8_2_Urine	UDP0030						GCGTCATT-CAGACGTT
SEE_15928_NAN_Lane_1-LANESEQ-MTR-11709	6	241104_ANNECATRIN_ANNECATRIN_1_OTHER_LIBRARY_SELF_3B_PE150_X	Cooper_9_2_Urine	UDP0031						ATCCGGTA-GACCGATA
SEE_15928_NAN_Lane_1-LANESEQ-MTR-11709	6	241104_ANNECATRIN_ANNECATRIN_1_OTHER_LIBRARY_SELF_3B_PE150_X	Cooper_10_2_Urine	UDP0032						CGTTGCAA-ATAGAGCG
SEE_15928_NAN_Lane_1-LANESEQ-MTR-11709	6	241104_ANNECATRIN_ANNECATRIN_1_OTHER_LIBRARY_SELF_3B_PE150_X	Cooper_11_2_Urine	UDP0033						GTGAAGTG-GAGCAATC
SEE_15928_NAN_Lane_1-LANESEQ-MTR-11709	6	241104_ANNECATRIN_ANNECATRIN_1_OTHER_LIBRARY_SELF_3B_PE150_X	Cooper_18_2_Urine	UDP0034						CATGGCTA-CACACATC
SEE_15928_NAN_Lane_1-LANESEQ-MTR-11709	6	241104_ANNECATRIN_ANNECATRIN_1_OTHER_LIBRARY_SELF_3B_PE150_X	Cooper_23_2_Urine	UDP0035						ATGCCTGT-AGATTGCG
SEE_15928_NAN_Lane_1-LANESEQ-MTR-11709	6	241104_ANNECATRIN_ANNECATRIN_1_OTHER_LIBRARY_SELF_3B_PE150_X	Cooper_25_2_Urine	UDP0036						CAACACCT-AGCTACCA
SEE_15928_NAN_Lane_1-LANESEQ-MTR-11709	6	241104_ANNECATRIN_ANNECATRIN_1_OTHER_LIBRARY_SELF_3B_PE150_X	Cooper_27_2_Urine	UDP0037						TGTGACTG-AGCCTATC
SEE_15928_NAN_Lane_1-LANESEQ-MTR-11709	6	241104_ANNECATRIN_ANNECATRIN_1_OTHER_LIBRARY_SELF_3B_PE150_X	Cooper_28_2_Urine	UDP0038						GTCATCGA-GATCCACT
SEE_15928_NAN_Lane_1-LANESEQ-MTR-11709	6	241104_ANNECATRIN_ANNECATRIN_1_OTHER_LIBRARY_SELF_3B_PE150_X	Cooper_30_2_Urine	UDP0039						AGCACTTC-ACGTCCAA
SEE_15928_NAN_Lane_1-LANESEQ-MTR-11709	6	241104_ANNECATRIN_ANNECATRIN_1_OTHER_LIBRARY_SELF_3B_PE150_X	Cooper_35_2_Urine	UDP0040						GAAGGAAG-GACGTCAT
SEE_15928_NAN_Lane_1-LANESEQ-MTR-11709	6	241104_ANNECATRIN_ANNECATRIN_1_OTHER_LIBRARY_SELF_3B_PE150_X	Cooper_36_2_Urine	UDP0041						GTTGTTCG-CCAACTTC
SEE_15928_NAN_Lane_1-LANESEQ-MTR-11709	6	241104_ANNECATRIN_ANNECATRIN_1_OTHER_LIBRARY_SELF_3B_PE150_X	Cooper_40_2_Urine	UDP0042						CGGTTGTT-GTGGTATG
SEE_15928_NAN_Lane_1-LANESEQ-MTR-11709	6	241104_ANNECATRIN_ANNECATRIN_1_OTHER_LIBRARY_SELF_3B_PE150_X	Cooper_41_2_Urine	UDP0043						ACTGAGGT-GTCAACAG
SEE_15928_NAN_Lane_1-LANESEQ-MTR-11709	6	241104_ANNECATRIN_ANNECATRIN_1_OTHER_LIBRARY_SELF_3B_PE150_X	Cooper_1_Urine	UDP0044						TGAAGACG-ACATGCCA
SEE_15928_NAN_Lane_1-LANESEQ-MTR-11709	6	241104_ANNECATRIN_ANNECATRIN_1_OTHER_LIBRARY_SELF_3B_PE150_X	Cooper_13_Urine	UDP0045						GTTACGCA-ATGGCGAT
SEE_15928_NAN_Lane_1-LANESEQ-MTR-11709	6	241104_ANNECATRIN_ANNECATRIN_1_OTHER_LIBRARY_SELF_3B_PE150_X	Cooper_16_Urine	UDP0046						AGCGTGTT-CTTCGCAA
SEE_15928_NAN_Lane_1-LANESEQ-MTR-11709	6	241104_ANNECATRIN_ANNECATRIN_1_OTHER_LIBRARY_SELF_3B_PE150_X	Cooper_17_Urine	UDP0047						GATCGAGT-GACGAACT
SEE_15928_NAN_Lane_1-LANESEQ-MTR-11709	6	241104_ANNECATRIN_ANNECATRIN_1_OTHER_LIBRARY_SELF_3B_PE150_X	Cooper_21_Urine	UDP0049						ACAGCTCA-TACTGCTC
SEE_15928_NAN_Lane_1-LANESEQ-MTR-11709	6	241104_ANNECATRIN_ANNECATRIN_1_OTHER_LIBRARY_SELF_3B_PE150_X	Cooper_1_Rec	UDP0059						ATGACGTC-CTTCCTTC
SEE_15928_NAN_Lane_1-LANESEQ-MTR-11709	6	241104_ANNECATRIN_ANNECATRIN_1_OTHER_LIBRARY_SELF_3B_PE150_X	Cooper_2_Rec	UDP0060						TTGGACGT-GAAGTGCT
SEE_15928_NAN_Lane_1-LANESEQ-MTR-11709	6	241104_ANNECATRIN_ANNECATRIN_1_OTHER_LIBRARY_SELF_3B_PE150_X	Cooper_3_Rec	UDP0061						AGTGGATC-TCGATGAC
SEE_15928_NAN_Lane_1-LANESEQ-MTR-11709	6	241104_ANNECATRIN_ANNECATRIN_1_OTHER_LIBRARY_SELF_3B_PE150_X	Cooper_4_Rec	UDP0063						GATAGGCT-CAGTCACA
SEE_15928_NAN_Lane_1-LANESEQ-MTR-11709	6	241104_ANNECATRIN_ANNECATRIN_1_OTHER_LIBRARY_SELF_3B_PE150_X	Cooper_5_Rec	UDP0064						TGGTAGCT-AGGTGTTG
SEE_15928_NAN_Lane_1-LANESEQ-MTR-11709	6	241104_ANNECATRIN_ANNECATRIN_1_OTHER_LIBRARY_SELF_3B_PE150_X	Cooper_6_Rec	UDP0065						CGCAATCT-ACAGGCAT
SEE_15928_NAN_Lane_1-LANESEQ-MTR-11709	6	241104_ANNECATRIN_ANNECATRIN_1_OTHER_LIBRARY_SELF_3B_PE150_X	Cooper_7_Rec	UDP0066						GATGTGTG-TAGCCATG
SEE_15928_NAN_Lane_1-LANESEQ-MTR-11709	6	241104_ANNECATRIN_ANNECATRIN_1_OTHER_LIBRARY_SELF_3B_PE150_X	Cooper_8_Rec	UDP0067						GATTGCTC-CACTTCAC
SEE_15928_NAN_Lane_1-LANESEQ-MTR-11709	6	241104_ANNECATRIN_ANNECATRIN_1_OTHER_LIBRARY_SELF_3B_PE150_X	Cooper_9_Rec	UDP0068						CGCTCTAT-TTGCAACG
SEE_15928_NAN_Lane_1-LANESEQ-MTR-11709	6	241104_ANNECATRIN_ANNECATRIN_1_OTHER_LIBRARY_SELF_3B_PE150_X	Cooper_10_Rec	UDP0069						TATCGGTC-TACCGGAT
SEE_15928_NAN_Lane_1-LANESEQ-MTR-11709	6	241104_ANNECATRIN_ANNECATRIN_1_OTHER_LIBRARY_SELF_3B_PE150_X	Cooper_11_Rec	UDP0070						AACGTCTG-AATGACGC
SEE_15928_NAN_Lane_1-LANESEQ-MTR-11709	6	241104_ANNECATRIN_ANNECATRIN_1_OTHER_LIBRARY_SELF_3B_PE150_X	Cooper_18_Rec	UDP0071						ACGTTCAG-AGTTGTGC
SEE_15928_NAN_Lane_1-LANESEQ-MTR-11709	6	241104_ANNECATRIN_ANNECATRIN_1_OTHER_LIBRARY_SELF_3B_PE150_X	Cooper_23_Rec	UDP0072						CAGTCCAA-CGGTAATC
SEE_15928_NAN_Lane_1-LANESEQ-MTR-11709	6	241104_ANNECATRIN_ANNECATRIN_1_OTHER_LIBRARY_SELF_3B_PE150_X	Cooper_25_Rec	UDP0073						TTGCAGAC-ATCGTGGT
SEE_15928_NAN_Lane_1-LANESEQ-MTR-11709	6	241104_ANNECATRIN_ANNECATRIN_1_OTHER_LIBRARY_SELF_3B_PE150_X	Cooper_27_Rec	UDP0074						CAATGTGG-TCTTCGAC
SEE_15928_NAN_Lane_1-LANESEQ-MTR-11709	6	241104_ANNECATRIN_ANNECATRIN_1_OTHER_LIBRARY_SELF_3B_PE150_X	Cooper_28_Rec	UDP0075						ACTCCATC-GATCAAGG
SEE_15928_NAN_Lane_1-LANESEQ-MTR-11709	6	241104_ANNECATRIN_ANNECATRIN_1_OTHER_LIBRARY_SELF_3B_PE150_X	Cooper_30_Rec	UDP0076						GTTGACCT-CAGTGCTT
SEE_15928_NAN_Lane_1-LANESEQ-MTR-11709	6	241104_ANNECATRIN_ANNECATRIN_1_OTHER_LIBRARY_SELF_3B_PE150_X	Cooper_35_Rec	UDP0077						CGTGTGTA-CCAACGAA
SEE_15928_NAN_Lane_1-LANESEQ-MTR-11709	6	241104_ANNECATRIN_ANNECATRIN_1_OTHER_LIBRARY_SELF_3B_PE150_X	Cooper_36_Rec	UDP0080						ACGACTTG-AACAGCGA
SEE_15928_NAN_Lane_1-LANESEQ-MTR-11709	6	241104_ANNECATRIN_ANNECATRIN_1_OTHER_LIBRARY_SELF_3B_PE150_X	Cooper_40_Rec	UDP0081						CACTAGCT-TCGGATTC
SEE_15928_NAN_Lane_1-LANESEQ-MTR-11709	6	241104_ANNECATRIN_ANNECATRIN_1_OTHER_LIBRARY_SELF_3B_PE150_X	Cooper_41_Rec	UDP0082						ACTAGGAG-TATGGCAC
SEE_15928_NAN_Lane_1-LANESEQ-MTR-11709	6	241104_ANNECATRIN_ANNECATRIN_1_OTHER_LIBRARY_SELF_3B_PE150_X	Cooper_2_2_Rec	UDP0083						GTAGGAGT-GTCCTAAG
SEE_15928_NAN_Lane_1-LANESEQ-MTR-11709	6	241104_ANNECATRIN_ANNECATRIN_1_OTHER_LIBRARY_SELF_3B_PE150_X	Cooper_3_2_Rec	UDP0084						CCTGATTG-GCTCAGTT
SEE_15928_NAN_Lane_1-LANESEQ-MTR-11709	6	241104_ANNECATRIN_ANNECATRIN_1_OTHER_LIBRARY_SELF_3B_PE150_X	Cooper_4_2_Rec	UDP0085						ATGCACGA-AGATCGTC
SEE_15928_NAN_Lane_1-LANESEQ-MTR-11709	6	241104_ANNECATRIN_ANNECATRIN_1_OTHER_LIBRARY_SELF_3B_PE150_X	Cooper_5_2_Rec	UDP0086						CGACGTTA-CTCTGGAT
SEE_15928_NAN_Lane_1-LANESEQ-MTR-11709	6	241104_ANNECATRIN_ANNECATRIN_1_OTHER_LIBRARY_SELF_3B_PE150_X	Cooper_6_2_Rec	UDP0087						TACGCCTT-GCTACTCT
SEE_15928_NAN_Lane_1-LANESEQ-MTR-11709	6	241104_ANNECATRIN_ANNECATRIN_1_OTHER_LIBRARY_SELF_3B_PE150_X	Cooper_8_2_Rec	UDP0088						CCGTAAGA-AGAGTCCA
SEE_15928_NAN_Lane_1-LANESEQ-MTR-11709	6	241104_ANNECATRIN_ANNECATRIN_1_OTHER_LIBRARY_SELF_3B_PE150_X	Cooper_10_2_Rec	UDP0089						ATCACACG-GTAGCGTA
SEE_15928_NAN_Lane_1-LANESEQ-MTR-11709	6	241104_ANNECATRIN_ANNECATRIN_1_OTHER_LIBRARY_SELF_3B_PE150_X	Cooper_11_2_Rec	UDP0090						CACCTGTT-AGGATAGC
SEE_15928_NAN_Lane_1-LANESEQ-MTR-11709	6	241104_ANNECATRIN_ANNECATRIN_1_OTHER_LIBRARY_SELF_3B_PE150_X	Cooper_18_2_Rec	UDP0091						CTTCGACT-GATCTTGC
SEE_15928_NAN_Lane_1-LANESEQ-MTR-11709	6	241104_ANNECATRIN_ANNECATRIN_1_OTHER_LIBRARY_SELF_3B_PE150_X	Cooper_23_2_Rec	UDP0092						TGCTTCCA-CGATCGAT
SEE_15928_NAN_Lane_1-LANESEQ-MTR-11709	6	241104_ANNECATRIN_ANNECATRIN_1_OTHER_LIBRARY_SELF_3B_PE150_X	Cooper_25_2_Rec	UDP0093						AGAACGAG-ATTAGCCG
SEE_15928_NAN_Lane_1-LANESEQ-MTR-11709	6	241104_ANNECATRIN_ANNECATRIN_1_OTHER_LIBRARY_SELF_3B_PE150_X	Cooper_27_2_Rec	UDP0096						TCAGGCTT-ATCATGCG
SEE_15928_NAN_Lane_1-LANESEQ-MTR-11709	6	241104_ANNECATRIN_ANNECATRIN_1_OTHER_LIBRARY_SELF_3B_PE150_X	Cooper_28_2_Rec	UDP0097						CCTTGTAG-CCTTGGAA
SEE_15928_NAN_Lane_1-LANESEQ-MTR-11709	6	241104_ANNECATRIN_ANNECATRIN_1_OTHER_LIBRARY_SELF_3B_PE150_X	Cooper_30_2_Rec	UDP0098						GAACATCG-TCGACAAG
SEE_15928_NAN_Lane_1-LANESEQ-MTR-11709	6	241104_ANNECATRIN_ANNECATRIN_1_OTHER_LIBRARY_SELF_3B_PE150_X	Cooper_35_2_Rec	UDP0099						TAACCGGT-ATCGTCTC
SEE_15928_NAN_Lane_1-LANESEQ-MTR-11709	6	241104_ANNECATRIN_ANNECATRIN_1_OTHER_LIBRARY_SELF_3B_PE150_X	Cooper_36_2_Rec	UDP0100						AACCGTTC-CTAGCTCA
SEE_15928_NAN_Lane_1-LANESEQ-MTR-11709	6	241104_ANNECATRIN_ANNECATRIN_1_OTHER_LIBRARY_SELF_3B_PE150_X	Cooper_40_2_Rec	UDP0101						TGGTACAG-TCGAGAGT
SEE_15928_NAN_Lane_1-LANESEQ-MTR-11709	6	241104_ANNECATRIN_ANNECATRIN_1_OTHER_LIBRARY_SELF_3B_PE150_X	Cooper_41_2_Rec	UDP0102						ATATGCGC-ACGATCAG
SEE_15928_NAN_Lane_1-LANESEQ-MTR-11709	7	241104_PETER_JOSUE_1_HUMAN_LIBRARY_10X_3B_PE150_X	TB7217GEX1	SI-TT-G4						GCGCTTATGG-GCCTGGCTAG
SEE_15928_NAN_Lane_1-LANESEQ-MTR-11709	7	241104_PETER_JOSUE_1_HUMAN_LIBRARY_10X_3B_PE150_X	TB7217GEX2	SI-TT-G5						ATAGGGCGAG-TGCATCGAGT
SEE_15928_NAN_Lane_1-LANESEQ-MTR-11709	7	241104_PETER_JOSUE_1_HUMAN_LIBRARY_10X_3B_PE150_X	TB7221GEX1	SI-TT-G6						GCGGGTAAGT-TAGCACTAAG
SEE_15928_NAN_Lane_1-LANESEQ-MTR-11709	7	241104_PETER_JOSUE_1_HUMAN_LIBRARY_10X_3B_PE150_X	TB7221GEX2	SI-TT-G7						GTTTCACGAT-TTCGGCCAAA
SEE_15928_NAN_Lane_1-LANESEQ-MTR-11709	7	241104_PETER_JOSUE_1_HUMAN_LIBRARY_10X_3B_PE150_X	TB7223GEX1	SI-TT-G8						TAAGCAACTG-CTATACTCAA
SEE_15928_NAN_Lane_1-LANESEQ-MTR-11709	7	241104_PETER_JOSUE_1_HUMAN_LIBRARY_10X_3B_PE150_X	TB7232GEX1	SI-TT-G9						CCGGAGGAAG-TGCGGATGTT
SEE_15928_NAN_Lane_1-LANESEQ-MTR-11709	7	241104_PETER_JOSUE_1_HUMAN_LIBRARY_10X_3B_PE150_X	TB7250GEX1	SI-TT-C1						TGCGCGGTTT-CAAGGATAAA
SEE_15928_NAN_Lane_1-LANESEQ-MTR-11709	7	241104_PETER_JOSUE_1_HUMAN_LIBRARY_10X_3B_PE150_X	TB7250GEX2	SI-TT-C2						CAATCCCGAC-CCGAGTAGTA
SEE_15928_NAN_Lane_1-LANESEQ-MTR-11709	7	241104_PETER_JOSUE_1_HUMAN_LIBRARY_10X_3B_PE150_X	TB7265GEX1	SI-TT-C3						ATGGCTTGTG-GAATGTTGTG
SEE_15928_NAN_Lane_1-LANESEQ-MTR-11709	7	241104_PETER_JOSUE_1_HUMAN_LIBRARY_10X_3B_PE150_X	TB7265GEX2	SI-TT-C4						TTCTCGATGA-TGTCGGGCAC
SEE_15928_NAN_Lane_1-LANESEQ-MTR-11709	7	241104_PETER_JOSUE_1_HUMAN_LIBRARY_10X_3B_PE150_X	TB7217HTO1	SI-NT-B4						CTATGGCATC-CTCTGAGCGC
SEE_15928_NAN_Lane_1-LANESEQ-MTR-11709	7	241104_PETER_JOSUE_1_HUMAN_LIBRARY_10X_3B_PE150_X	TB7217HTO2	SI-NT-B5						AAACCACAGT-CCGCAAATGG
SEE_15928_NAN_Lane_1-LANESEQ-MTR-11709	7	241104_PETER_JOSUE_1_HUMAN_LIBRARY_10X_3B_PE150_X	TB7221HTO1	SI-NT-B6						ATGTATCCAC-CAGGCTGAGG
SEE_15928_NAN_Lane_1-LANESEQ-MTR-11709	7	241104_PETER_JOSUE_1_HUMAN_LIBRARY_10X_3B_PE150_X	TB7221HTO2	SI-NT-B7						GATGAGTCTG-TATGTAACCG
SEE_15928_NAN_Lane_1-LANESEQ-MTR-11709	7	241104_PETER_JOSUE_1_HUMAN_LIBRARY_10X_3B_PE150_X	TB7223HTO1	SI-NT-B8						CTCACAATAA-CCGTGTTTAA
SEE_15928_NAN_Lane_1-LANESEQ-MTR-11709	7	241104_PETER_JOSUE_1_HUMAN_LIBRARY_10X_3B_PE150_X	TB7232HTO1	SI-NT-B9						TCTGTCGCAA-ATCCGAACTG
SEE_15928_NAN_Lane_1-LANESEQ-MTR-11709	7	241104_PETER_JOSUE_1_HUMAN_LIBRARY_10X_3B_PE150_X	TB7250HTO1	SI-NT-B10						CATCGAGAAG-GTGCATCCGC
SEE_15928_NAN_Lane_1-LANESEQ-MTR-11709	7	241104_PETER_JOSUE_1_HUMAN_LIBRARY_10X_3B_PE150_X	TB7250HTO2	SI-NT-B11						ACGTATTGGG-CAATCGCAAA
SEE_15928_NAN_Lane_1-LANESEQ-MTR-11709	7	241104_PETER_JOSUE_1_HUMAN_LIBRARY_10X_3B_PE150_X	TB7265HTO1	SI-NT-B12						CTTACGCGAC-CCTGTCGGAT
SEE_15928_NAN_Lane_1-LANESEQ-MTR-11709	7	241104_PETER_JOSUE_1_HUMAN_LIBRARY_10X_3B_PE150_X	TB7265HTO2	SI-NT-C1						GATAGTGAAG-CGTTCGCCAG
SEE_15928_NAN_Lane_1-LANESEQ-MTR-11709	8	241101_PETER_DAVID_1_HUMAN_LIBRARY_10X_3B_PE150_X	PDC138GEX01	SI-TT-E1						TTATTCGAGG-CTGTCCTGCT
SEE_15928_NAN_Lane_1-LANESEQ-MTR-11709	8	241101_PETER_DAVID_1_HUMAN_LIBRARY_10X_3B_PE150_X	PDC138GEX02	SI-TT-E2						ATGGAGGGAG-ATAACCCATT
SEE_15928_NAN_Lane_1-LANESEQ-MTR-11709	8	241101_PETER_DAVID_1_HUMAN_LIBRARY_10X_3B_PE150_X	PDC137BCR01	SI-TT-E3						ACCAGACAAC-AGGAACTAGG
SEE_15928_NAN_Lane_1-LANESEQ-MTR-11709	8	241101_PETER_DAVID_1_HUMAN_LIBRARY_10X_3B_PE150_X	PDC137BCR02	SI-TT-E4						AACCACGCAT-ATTCAGGTTA
SEE_15928_NAN_Lane_1-LANESEQ-MTR-11709	8	241101_PETER_DAVID_1_HUMAN_LIBRARY_10X_3B_PE150_X	PDC137ADT01	SI-TN-B2						TACTGCAATA-AGAGTCCATG
SEE_15928_NAN_Lane_1-LANESEQ-MTR-11709	8	241101_PETER_DAVID_1_HUMAN_LIBRARY_10X_3B_PE150_X	PDC137ADT02	SI-TN-B3						TGGCTACCGG-CTGAGTCATT